{
"meta":{"test_sets":[],"test_metrics":[],"learn_metrics":[{"best_value":"Min","name":"Logloss"}],"launch_mode":"Train","parameters":"","iteration_count":1000,"learn_sets":["learn"],"name":"experiment"},
"iterations":[
{"learn":[0.6789748759],"iteration":0,"passed_time":0.1716136529,"remaining_time":171.4420392},
{"learn":[0.6666534445],"iteration":1,"passed_time":0.1988778208,"remaining_time":99.24003255},
{"learn":[0.6575692765],"iteration":2,"passed_time":0.2229595387,"remaining_time":74.09688668},
{"learn":[0.6490677415],"iteration":3,"passed_time":0.2474818321,"remaining_time":61.62297618},
{"learn":[0.6425796611],"iteration":4,"passed_time":0.2715867761,"remaining_time":54.04576844},
{"learn":[0.6372072618],"iteration":5,"passed_time":0.2978452388,"remaining_time":49.3430279},
{"learn":[0.6324408074],"iteration":6,"passed_time":0.3213032275,"remaining_time":45.57915784},
{"learn":[0.6284712651],"iteration":7,"passed_time":0.3443867484,"remaining_time":42.70395681},
{"learn":[0.625254012],"iteration":8,"passed_time":0.3694696801,"remaining_time":40.68271699},
{"learn":[0.6225987717],"iteration":9,"passed_time":0.3946532439,"remaining_time":39.07067115},
{"learn":[0.6197499507],"iteration":10,"passed_time":0.4218035732,"remaining_time":37.92397581},
{"learn":[0.6175094173],"iteration":11,"passed_time":0.4476888128,"remaining_time":36.85971226},
{"learn":[0.6153742788],"iteration":12,"passed_time":0.4720684046,"remaining_time":35.84088579},
{"learn":[0.6136409019],"iteration":13,"passed_time":0.4950440497,"remaining_time":34.86524521},
{"learn":[0.6121503338],"iteration":14,"passed_time":0.5200642346,"remaining_time":34.15088474},
{"learn":[0.6108309937],"iteration":15,"passed_time":0.547585472,"remaining_time":33.67650653},
{"learn":[0.6093993348],"iteration":16,"passed_time":0.5746828029,"remaining_time":33.23018796},
{"learn":[0.6082270676],"iteration":17,"passed_time":0.601591205,"remaining_time":32.8201424},
{"learn":[0.6072715129],"iteration":18,"passed_time":0.6243625769,"remaining_time":32.23682568},
{"learn":[0.6061266531],"iteration":19,"passed_time":0.6515839046,"remaining_time":31.92761133},
{"learn":[0.6052470846],"iteration":20,"passed_time":0.6809719783,"remaining_time":31.74626508},
{"learn":[0.6044782578],"iteration":21,"passed_time":0.7049741563,"remaining_time":31.33930568},
{"learn":[0.6039474482],"iteration":22,"passed_time":0.7322615777,"remaining_time":31.10519832},
{"learn":[0.6032000006],"iteration":23,"passed_time":0.7592955518,"remaining_time":30.87801911},
{"learn":[0.6025728951],"iteration":24,"passed_time":0.7867677414,"remaining_time":30.68394191},
{"learn":[0.6019667027],"iteration":25,"passed_time":0.8143181606,"remaining_time":30.50561109},
{"learn":[0.6014736016],"iteration":26,"passed_time":0.8401915069,"remaining_time":30.27801245},
{"learn":[0.6009736601],"iteration":27,"passed_time":0.8682285271,"remaining_time":30.13993316},
{"learn":[0.6004356112],"iteration":28,"passed_time":0.8914473658,"remaining_time":29.84811697},
{"learn":[0.6001264045],"iteration":29,"passed_time":0.9210864967,"remaining_time":29.78179673},
{"learn":[0.5997120375],"iteration":30,"passed_time":0.9501683833,"remaining_time":29.70042463},
{"learn":[0.5993114611],"iteration":31,"passed_time":0.9828325981,"remaining_time":29.73068609},
{"learn":[0.5988499132],"iteration":32,"passed_time":1.011465287,"remaining_time":29.63899795},
{"learn":[0.598387046],"iteration":33,"passed_time":1.03906245,"remaining_time":29.52159785},
{"learn":[0.5980565773],"iteration":34,"passed_time":1.06755795,"remaining_time":29.43409776},
{"learn":[0.5976368983],"iteration":35,"passed_time":1.098283136,"remaining_time":29.40958175},
{"learn":[0.5973289658],"iteration":36,"passed_time":1.128967467,"remaining_time":29.38366679},
{"learn":[0.5969724924],"iteration":37,"passed_time":1.158506072,"remaining_time":29.32849582},
{"learn":[0.5967387747],"iteration":38,"passed_time":1.186065486,"remaining_time":29.22587006},
{"learn":[0.5964586021],"iteration":39,"passed_time":1.217032941,"remaining_time":29.20879058},
{"learn":[0.5961293478],"iteration":40,"passed_time":1.243570244,"remaining_time":29.08741131},
{"learn":[0.5958997655],"iteration":41,"passed_time":1.269575918,"remaining_time":28.95842214},
{"learn":[0.5956272824],"iteration":42,"passed_time":1.29735195,"remaining_time":28.87362363},
{"learn":[0.5952700928],"iteration":43,"passed_time":1.322368466,"remaining_time":28.7314603},
{"learn":[0.5950939048],"iteration":44,"passed_time":1.351208163,"remaining_time":28.67563991},
{"learn":[0.5948551041],"iteration":45,"passed_time":1.379174191,"remaining_time":28.60287344},
{"learn":[0.5946401033],"iteration":46,"passed_time":1.406401195,"remaining_time":28.51702848},
{"learn":[0.5943589475],"iteration":47,"passed_time":1.433998781,"remaining_time":28.44097582},
{"learn":[0.5940968732],"iteration":48,"passed_time":1.4590805,"remaining_time":28.31807256},
{"learn":[0.5938931788],"iteration":49,"passed_time":1.485709078,"remaining_time":28.22847249},
{"learn":[0.593745432],"iteration":50,"passed_time":1.513672484,"remaining_time":28.16618015},
{"learn":[0.5935965681],"iteration":51,"passed_time":1.539718472,"remaining_time":28.07025214},
{"learn":[0.5933866557],"iteration":52,"passed_time":1.566516705,"remaining_time":27.99040226},
{"learn":[0.5932178915],"iteration":53,"passed_time":1.59455844,"remaining_time":27.93430156},
{"learn":[0.5930520735],"iteration":54,"passed_time":1.621518737,"remaining_time":27.86064012},
{"learn":[0.5928736275],"iteration":55,"passed_time":1.648782293,"remaining_time":27.79375866},
{"learn":[0.5926458797],"iteration":56,"passed_time":1.677632922,"remaining_time":27.7545236},
{"learn":[0.5925166265],"iteration":57,"passed_time":1.708167073,"remaining_time":27.74298936},
{"learn":[0.5923653806],"iteration":58,"passed_time":1.736159199,"remaining_time":27.6902679},
{"learn":[0.5921458068],"iteration":59,"passed_time":1.763822895,"remaining_time":27.63322536},
{"learn":[0.5919446697],"iteration":60,"passed_time":1.791910127,"remaining_time":27.58366572},
{"learn":[0.5918271107],"iteration":61,"passed_time":1.818514297,"remaining_time":27.51236147},
{"learn":[0.5916924539],"iteration":62,"passed_time":1.843616443,"remaining_time":27.42013662},
{"learn":[0.5915931833],"iteration":63,"passed_time":1.871209873,"remaining_time":27.36644439},
{"learn":[0.5914334068],"iteration":64,"passed_time":1.896036427,"remaining_time":27.27375476},
{"learn":[0.5912924258],"iteration":65,"passed_time":1.926246842,"remaining_time":27.25931138},
{"learn":[0.5911383972],"iteration":66,"passed_time":1.953803148,"remaining_time":27.20743787},
{"learn":[0.5910216343],"iteration":67,"passed_time":1.987404174,"remaining_time":27.2391278},
{"learn":[0.5909173703],"iteration":68,"passed_time":2.011879375,"remaining_time":27.14579273},
{"learn":[0.5907794262],"iteration":69,"passed_time":2.036957253,"remaining_time":27.06243208},
{"learn":[0.5906489237],"iteration":70,"passed_time":2.065554382,"remaining_time":27.02676086},
{"learn":[0.5904271611],"iteration":71,"passed_time":2.092290694,"remaining_time":26.96730228},
{"learn":[0.5902929129],"iteration":72,"passed_time":2.120188875,"remaining_time":26.92349435},
{"learn":[0.5901758077],"iteration":73,"passed_time":2.146115449,"remaining_time":26.85544467},
{"learn":[0.5900153629],"iteration":74,"passed_time":2.171387992,"remaining_time":26.7804519},
{"learn":[0.5898492526],"iteration":75,"passed_time":2.195571828,"remaining_time":26.69353117},
{"learn":[0.5896809211],"iteration":76,"passed_time":2.222447016,"remaining_time":26.64050125},
{"learn":[0.5896214703],"iteration":77,"passed_time":2.245984582,"remaining_time":26.54868955},
{"learn":[0.5894895855],"iteration":78,"passed_time":2.2729917,"remaining_time":26.49905514},
{"learn":[0.5893589383],"iteration":79,"passed_time":2.297527382,"remaining_time":26.4215649},
{"learn":[0.589253464],"iteration":80,"passed_time":2.323680679,"remaining_time":26.36373512},
{"learn":[0.589114684],"iteration":81,"passed_time":2.347689484,"remaining_time":26.28267008},
{"learn":[0.5889901369],"iteration":82,"passed_time":2.373032193,"remaining_time":26.21771713},
{"learn":[0.5889512622],"iteration":83,"passed_time":2.397272679,"remaining_time":26.14168778},
{"learn":[0.5888469723],"iteration":84,"passed_time":2.423029907,"remaining_time":26.0832043},
{"learn":[0.5886957609],"iteration":85,"passed_time":2.449456311,"remaining_time":26.03259381},
{"learn":[0.5886145146],"iteration":86,"passed_time":2.489281489,"remaining_time":26.12314942},
{"learn":[0.5885153566],"iteration":87,"passed_time":2.520033009,"remaining_time":26.11670573},
{"learn":[0.5883909417],"iteration":88,"passed_time":2.545233194,"remaining_time":26.05289258},
{"learn":[0.5882710089],"iteration":89,"passed_time":2.587669988,"remaining_time":26.16421877},
{"learn":[0.5881841043],"iteration":90,"passed_time":2.611582695,"remaining_time":26.08712824},
{"learn":[0.5880236977],"iteration":91,"passed_time":2.63774938,"remaining_time":26.03343954},
{"learn":[0.5879187709],"iteration":92,"passed_time":2.662880548,"remaining_time":25.97024362},
{"learn":[0.5878152053],"iteration":93,"passed_time":2.690280988,"remaining_time":25.92972952},
{"learn":[0.5877125041],"iteration":94,"passed_time":2.715245488,"remaining_time":25.86628596},
{"learn":[0.5876047249],"iteration":95,"passed_time":2.739740685,"remaining_time":25.79922478},
{"learn":[0.5875200743],"iteration":96,"passed_time":2.764656399,"remaining_time":25.73695596},
{"learn":[0.5873743253],"iteration":97,"passed_time":2.790308304,"remaining_time":25.68222541},
{"learn":[0.5872042001],"iteration":98,"passed_time":2.815496942,"remaining_time":25.62386611},
{"learn":[0.5870974281],"iteration":99,"passed_time":2.839159891,"remaining_time":25.55243902},
{"learn":[0.5869712178],"iteration":100,"passed_time":2.868323044,"remaining_time":25.53091502},
{"learn":[0.5869022841],"iteration":101,"passed_time":2.901651085,"remaining_time":25.54590857},
{"learn":[0.5868226134],"iteration":102,"passed_time":2.927115044,"remaining_time":25.49147761},
{"learn":[0.5867098409],"iteration":103,"passed_time":2.95276404,"remaining_time":25.43919788},
{"learn":[0.5866175928],"iteration":104,"passed_time":2.976914252,"remaining_time":25.37465005},
{"learn":[0.5865328587],"iteration":105,"passed_time":3.004620978,"remaining_time":25.34085995},
{"learn":[0.5864099059],"iteration":106,"passed_time":3.029027126,"remaining_time":25.27963761},
{"learn":[0.5863414898],"iteration":107,"passed_time":3.056967869,"remaining_time":25.24829018},
{"learn":[0.5862812832],"iteration":108,"passed_time":3.083275879,"remaining_time":25.20365879},
{"learn":[0.5861445845],"iteration":109,"passed_time":3.10913654,"remaining_time":25.15574109},
{"learn":[0.5860814677],"iteration":110,"passed_time":3.137407986,"remaining_time":25.12752883},
{"learn":[0.5859362892],"iteration":111,"passed_time":3.169577235,"remaining_time":25.13021951},
{"learn":[0.5858658554],"iteration":112,"passed_time":3.201617732,"remaining_time":25.13128255},
{"learn":[0.5857466456],"iteration":113,"passed_time":3.23232938,"remaining_time":25.12143711},
{"learn":[0.585668419],"iteration":114,"passed_time":3.269647691,"remaining_time":25.16207136},
{"learn":[0.5856136504],"iteration":115,"passed_time":3.296307798,"remaining_time":25.12013874},
{"learn":[0.5855400531],"iteration":116,"passed_time":3.324032616,"remaining_time":25.08650256},
{"learn":[0.5854275619],"iteration":117,"passed_time":3.349348239,"remaining_time":25.03495887},
{"learn":[0.5853402883],"iteration":118,"passed_time":3.373297568,"remaining_time":24.97374082},
{"learn":[0.5852359907],"iteration":119,"passed_time":3.398495213,"remaining_time":24.92229823},
{"learn":[0.5851601526],"iteration":120,"passed_time":3.423706404,"remaining_time":24.87138785},
{"learn":[0.5850178722],"iteration":121,"passed_time":3.449721535,"remaining_time":24.82668449},
{"learn":[0.5849508938],"iteration":122,"passed_time":3.484439848,"remaining_time":24.8443394},
{"learn":[0.584850155],"iteration":123,"passed_time":3.508724275,"remaining_time":24.78743923},
{"learn":[0.584739473],"iteration":124,"passed_time":3.535597649,"remaining_time":24.74918354},
{"learn":[0.5845787379],"iteration":125,"passed_time":3.568901182,"remaining_time":24.75571137},
{"learn":[0.5844616922],"iteration":126,"passed_time":3.592880445,"remaining_time":24.69751676},
{"learn":[0.5843221492],"iteration":127,"passed_time":3.618920115,"remaining_time":24.65389328},
{"learn":[0.5842387286],"iteration":128,"passed_time":3.643222715,"remaining_time":24.59881383},
{"learn":[0.5841455209],"iteration":129,"passed_time":3.670327465,"remaining_time":24.56296072},
{"learn":[0.583927678],"iteration":130,"passed_time":3.699361747,"remaining_time":24.5400409},
{"learn":[0.5837870308],"iteration":131,"passed_time":3.725827561,"remaining_time":24.50013881},
{"learn":[0.5836335642],"iteration":132,"passed_time":3.753029564,"remaining_time":24.46523784},
{"learn":[0.583483252],"iteration":133,"passed_time":3.78207184,"remaining_time":24.44234487},
{"learn":[0.5833519568],"iteration":134,"passed_time":3.809478407,"remaining_time":24.40888016},
{"learn":[0.5832537418],"iteration":135,"passed_time":3.834255112,"remaining_time":24.35879718},
{"learn":[0.5831524261],"iteration":136,"passed_time":3.859833089,"remaining_time":24.31413106},
{"learn":[0.5830354331],"iteration":137,"passed_time":3.886231915,"remaining_time":24.27486892},
{"learn":[0.5828699294],"iteration":138,"passed_time":3.914965767,"remaining_time":24.25025558},
{"learn":[0.5827836607],"iteration":139,"passed_time":3.940200975,"remaining_time":24.2040917},
{"learn":[0.5826547321],"iteration":140,"passed_time":3.968620557,"remaining_time":24.17762453},
{"learn":[0.5825287532],"iteration":141,"passed_time":3.993496229,"remaining_time":24.12971665},
{"learn":[0.5824001398],"iteration":142,"passed_time":4.019802806,"remaining_time":24.09070633},
{"learn":[0.5822438736],"iteration":143,"passed_time":4.050122146,"remaining_time":24.07572609},
{"learn":[0.5821290364],"iteration":144,"passed_time":4.078380248,"remaining_time":24.04838008},
{"learn":[0.5819866068],"iteration":145,"passed_time":4.104637778,"remaining_time":24.00931961},
{"learn":[0.5818609023],"iteration":146,"passed_time":4.130932602,"remaining_time":23.97064972},
{"learn":[0.5817034432],"iteration":147,"passed_time":4.156035108,"remaining_time":23.92528319},
{"learn":[0.5815259097],"iteration":148,"passed_time":4.182476082,"remaining_time":23.88783319},
{"learn":[0.5814113091],"iteration":149,"passed_time":4.205695187,"remaining_time":23.83227272},
{"learn":[0.5812206683],"iteration":150,"passed_time":4.237284702,"remaining_time":23.82420339},
{"learn":[0.581075093],"iteration":151,"passed_time":4.268151865,"remaining_time":23.81179462},
{"learn":[0.5809590673],"iteration":152,"passed_time":4.297985636,"remaining_time":23.79342375},
{"learn":[0.5808187261],"iteration":153,"passed_time":4.330650291,"remaining_time":23.7904555},
{"learn":[0.580707446],"iteration":154,"passed_time":4.359826842,"remaining_time":23.76808827},
{"learn":[0.5806172488],"iteration":155,"passed_time":4.388625235,"remaining_time":23.74358781},
{"learn":[0.580475557],"iteration":156,"passed_time":4.418531649,"remaining_time":23.72498204},
{"learn":[0.5803216356],"iteration":157,"passed_time":4.45018741,"remaining_time":23.71555569},
{"learn":[0.5801749442],"iteration":158,"passed_time":4.488948791,"remaining_time":23.74343354},
{"learn":[0.5800218782],"iteration":159,"passed_time":4.522813586,"remaining_time":23.74477132},
{"learn":[0.5799162554],"iteration":160,"passed_time":4.549141523,"remaining_time":23.70639589},
{"learn":[0.5797805048],"iteration":161,"passed_time":4.573330745,"remaining_time":23.65710595},
{"learn":[0.5796458231],"iteration":162,"passed_time":4.600254301,"remaining_time":23.62216472},
{"learn":[0.5795175225],"iteration":163,"passed_time":4.625571307,"remaining_time":23.57913179},
{"learn":[0.5793967326],"iteration":164,"passed_time":4.652674926,"remaining_time":23.54535493},
{"learn":[0.5792934663],"iteration":165,"passed_time":4.680193876,"remaining_time":23.51374514},
{"learn":[0.5791460692],"iteration":166,"passed_time":4.712582198,"remaining_time":23.50647288},
{"learn":[0.5789850667],"iteration":167,"passed_time":4.737571328,"remaining_time":23.46225801},
{"learn":[0.5788498142],"iteration":168,"passed_time":4.762692446,"remaining_time":23.41891966},
{"learn":[0.5787377165],"iteration":169,"passed_time":4.787853387,"remaining_time":23.37599007},
{"learn":[0.5786142854],"iteration":170,"passed_time":4.815150437,"remaining_time":23.34362405},
{"learn":[0.5784951384],"iteration":171,"passed_time":4.840422589,"remaining_time":23.30156921},
{"learn":[0.5783521276],"iteration":172,"passed_time":4.864957988,"remaining_time":23.25618645},
{"learn":[0.5782487647],"iteration":173,"passed_time":4.895118754,"remaining_time":23.23774765},
{"learn":[0.5781716211],"iteration":174,"passed_time":4.920328313,"remaining_time":23.19583347},
{"learn":[0.578071672],"iteration":175,"passed_time":4.946656389,"remaining_time":23.15934582},
{"learn":[0.5779693525],"iteration":176,"passed_time":4.975282831,"remaining_time":23.13365972},
{"learn":[0.5778474348],"iteration":177,"passed_time":4.999512443,"remaining_time":23.08763611},
{"learn":[0.5777502779],"iteration":178,"passed_time":5.029340177,"remaining_time":23.06753232},
{"learn":[0.5776286319],"iteration":179,"passed_time":5.056479375,"remaining_time":23.03507271},
{"learn":[0.5775341968],"iteration":180,"passed_time":5.083705356,"remaining_time":23.00306457},
{"learn":[0.5773830973],"iteration":181,"passed_time":5.110099499,"remaining_time":22.96737028},
{"learn":[0.5772629372],"iteration":182,"passed_time":5.134225402,"remaining_time":22.92165111},
{"learn":[0.5771587504],"iteration":183,"passed_time":5.160800291,"remaining_time":22.88702738},
{"learn":[0.5770756911],"iteration":184,"passed_time":5.190363223,"remaining_time":22.8656542},
{"learn":[0.5769055582],"iteration":185,"passed_time":5.217384683,"remaining_time":22.8330706},
{"learn":[0.5767618483],"iteration":186,"passed_time":5.244447598,"remaining_time":22.80072672},
{"learn":[0.5766409337],"iteration":187,"passed_time":5.280252782,"remaining_time":22.80619819},
{"learn":[0.5765479218],"iteration":188,"passed_time":5.306237338,"remaining_time":22.76909249},
{"learn":[0.5764486097],"iteration":189,"passed_time":5.334616989,"remaining_time":22.74231453},
{"learn":[0.5763010435],"iteration":190,"passed_time":5.363060508,"remaining_time":22.71579032},
{"learn":[0.5761927508],"iteration":191,"passed_time":5.390306506,"remaining_time":22.68420655},
{"learn":[0.5760623232],"iteration":192,"passed_time":5.425716996,"remaining_time":22.6868063},
{"learn":[0.5759217012],"iteration":193,"passed_time":5.450880866,"remaining_time":22.64644319},
{"learn":[0.5757663252],"iteration":194,"passed_time":5.477631354,"remaining_time":22.61278585},
{"learn":[0.5756582618],"iteration":195,"passed_time":5.507494878,"remaining_time":22.59196879},
{"learn":[0.5755673955],"iteration":196,"passed_time":5.533847249,"remaining_time":22.55674792},
{"learn":[0.5754623539],"iteration":197,"passed_time":5.562165086,"remaining_time":22.52957777},
{"learn":[0.5753701997],"iteration":198,"passed_time":5.590782668,"remaining_time":22.5036026},
{"learn":[0.5752568455],"iteration":199,"passed_time":5.617658739,"remaining_time":22.47063496},
{"learn":[0.5751547462],"iteration":200,"passed_time":5.646642251,"remaining_time":22.44610526},
{"learn":[0.5750839337],"iteration":201,"passed_time":5.674976082,"remaining_time":22.41896492},
{"learn":[0.5749596824],"iteration":202,"passed_time":5.701193259,"remaining_time":22.3835026},
{"learn":[0.5748573682],"iteration":203,"passed_time":5.726509805,"remaining_time":22.34461669},
{"learn":[0.5747302357],"iteration":204,"passed_time":5.749902825,"remaining_time":22.29840364},
{"learn":[0.5746086444],"iteration":205,"passed_time":5.776991191,"remaining_time":22.26665537},
{"learn":[0.574467942],"iteration":206,"passed_time":5.8032946,"remaining_time":22.23194501},
{"learn":[0.5743915715],"iteration":207,"passed_time":5.827877562,"remaining_time":22.19076456},
{"learn":[0.5743326793],"iteration":208,"passed_time":5.853980901,"remaining_time":22.15549709},
{"learn":[0.5741972079],"iteration":209,"passed_time":5.879554747,"remaining_time":22.118325},
{"learn":[0.5741353583],"iteration":210,"passed_time":5.905388792,"remaining_time":22.08223581},
{"learn":[0.5740553655],"iteration":211,"passed_time":5.930986465,"remaining_time":22.04536479},
{"learn":[0.5739473828],"iteration":212,"passed_time":5.957464825,"remaining_time":22.0118536},
{"learn":[0.5738364633],"iteration":213,"passed_time":5.983315575,"remaining_time":21.976103},
{"learn":[0.5737230173],"iteration":214,"passed_time":6.013008171,"remaining_time":21.95447169},
{"learn":[0.573573202],"iteration":215,"passed_time":6.044133387,"remaining_time":21.93796563},
{"learn":[0.5734699213],"iteration":216,"passed_time":6.072493111,"remaining_time":21.91134611},
{"learn":[0.5733481558],"iteration":217,"passed_time":6.098210398,"remaining_time":21.8752318},
{"learn":[0.5732401872],"iteration":218,"passed_time":6.124675851,"remaining_time":21.84188055},
{"learn":[0.5731205544],"iteration":219,"passed_time":6.149587114,"remaining_time":21.80308159},
{"learn":[0.5730190371],"iteration":220,"passed_time":6.175273684,"remaining_time":21.76714118},
{"learn":[0.5729336861],"iteration":221,"passed_time":6.198736165,"remaining_time":21.72349881},
{"learn":[0.5728299189],"iteration":222,"passed_time":6.239017516,"remaining_time":21.73863951},
{"learn":[0.5727538796],"iteration":223,"passed_time":6.263877694,"remaining_time":21.69986201},
{"learn":[0.5726198568],"iteration":224,"passed_time":6.291949503,"remaining_time":21.67227051},
{"learn":[0.5725047062],"iteration":225,"passed_time":6.326255423,"remaining_time":21.66602521},
{"learn":[0.5723711214],"iteration":226,"passed_time":6.353051199,"remaining_time":21.63395849},
{"learn":[0.5722520511],"iteration":227,"passed_time":6.377620403,"remaining_time":21.59439891},
{"learn":[0.5721069741],"iteration":228,"passed_time":6.406175214,"remaining_time":21.56838904},
{"learn":[0.5719879683],"iteration":229,"passed_time":6.430389535,"remaining_time":21.52782583},
{"learn":[0.5718574133],"iteration":230,"passed_time":6.456374744,"remaining_time":21.49329947},
{"learn":[0.5717513593],"iteration":231,"passed_time":6.481089013,"remaining_time":21.45463949},
{"learn":[0.5716193957],"iteration":232,"passed_time":6.510276314,"remaining_time":21.43082375},
{"learn":[0.5715136844],"iteration":233,"passed_time":6.542226955,"remaining_time":21.4160079},
{"learn":[0.5713932641],"iteration":234,"passed_time":6.567888784,"remaining_time":21.38057413},
{"learn":[0.57129122],"iteration":235,"passed_time":6.591427031,"remaining_time":21.33834852},
{"learn":[0.5711671372],"iteration":236,"passed_time":6.618131512,"remaining_time":21.30647403},
{"learn":[0.5710637989],"iteration":237,"passed_time":6.643663592,"remaining_time":21.27088932},
{"learn":[0.5709613069],"iteration":238,"passed_time":6.669867111,"remaining_time":21.23752666},
{"learn":[0.5708609752],"iteration":239,"passed_time":6.694418044,"remaining_time":21.19899047},
{"learn":[0.5707343913],"iteration":240,"passed_time":6.720940796,"remaining_time":21.16678035},
{"learn":[0.570631695],"iteration":241,"passed_time":6.745217381,"remaining_time":21.12758172},
{"learn":[0.5705678498],"iteration":242,"passed_time":6.773114421,"remaining_time":21.09978443},
{"learn":[0.5704063982],"iteration":243,"passed_time":6.798777196,"remaining_time":21.06506377},
{"learn":[0.5703001061],"iteration":244,"passed_time":6.825590552,"remaining_time":21.03396272},
{"learn":[0.5702293943],"iteration":245,"passed_time":6.850706356,"remaining_time":20.99769347},
{"learn":[0.5701509973],"iteration":246,"passed_time":6.884613038,"remaining_time":20.98831424},
{"learn":[0.5700770234],"iteration":247,"passed_time":6.909900072,"remaining_time":20.95260022},
{"learn":[0.5699981045],"iteration":248,"passed_time":6.936526966,"remaining_time":20.92101105},
{"learn":[0.5699082341],"iteration":249,"passed_time":6.962203785,"remaining_time":20.88661136},
{"learn":[0.5698021688],"iteration":250,"passed_time":6.987821178,"remaining_time":20.85210383},
{"learn":[0.5696797344],"iteration":251,"passed_time":7.018529066,"remaining_time":20.83277675},
{"learn":[0.5695916688],"iteration":252,"passed_time":7.048366808,"remaining_time":20.81079054},
{"learn":[0.5694944498],"iteration":253,"passed_time":7.075066726,"remaining_time":20.77952668},
{"learn":[0.5693838132],"iteration":254,"passed_time":7.102545485,"remaining_time":20.75057406},
{"learn":[0.5692411603],"iteration":255,"passed_time":7.128816042,"remaining_time":20.71812162},
{"learn":[0.5690964618],"iteration":256,"passed_time":7.157693115,"remaining_time":20.69325286},
{"learn":[0.5690267471],"iteration":257,"passed_time":7.184581771,"remaining_time":20.6626344},
{"learn":[0.5688844989],"iteration":258,"passed_time":7.215600149,"remaining_time":20.64385989},
{"learn":[0.5687710569],"iteration":259,"passed_time":7.243003094,"remaining_time":20.61470111},
{"learn":[0.5686495736],"iteration":260,"passed_time":7.273962315,"remaining_time":20.5956251},
{"learn":[0.5685327987],"iteration":261,"passed_time":7.303921286,"remaining_time":20.57364087},
{"learn":[0.5684373686],"iteration":262,"passed_time":7.334293579,"remaining_time":20.55275425},
{"learn":[0.5683455483],"iteration":263,"passed_time":7.360020289,"remaining_time":20.51884444},
{"learn":[0.5682157351],"iteration":264,"passed_time":7.384971642,"remaining_time":20.48284588},
{"learn":[0.5680933719],"iteration":265,"passed_time":7.417354288,"remaining_time":20.46743627},
{"learn":[0.5679603497],"iteration":266,"passed_time":7.443999544,"remaining_time":20.43614856},
{"learn":[0.5678295852],"iteration":267,"passed_time":7.468941361,"remaining_time":20.40024282},
{"learn":[0.5676830326],"iteration":268,"passed_time":7.49479521,"remaining_time":20.36689702},
{"learn":[0.5675534795],"iteration":269,"passed_time":7.52233135,"remaining_time":20.33815513},
{"learn":[0.5674405565],"iteration":270,"passed_time":7.552265211,"remaining_time":20.3158721},
{"learn":[0.5673232386],"iteration":271,"passed_time":7.585620018,"remaining_time":20.30268887},
{"learn":[0.5672159477],"iteration":272,"passed_time":7.613399098,"remaining_time":20.27450968},
{"learn":[0.5670593782],"iteration":273,"passed_time":7.639969976,"remaining_time":20.24313213},
{"learn":[0.5669630627],"iteration":274,"passed_time":7.668767354,"remaining_time":20.21765939},
{"learn":[0.5668436897],"iteration":275,"passed_time":7.697053021,"remaining_time":20.19082024},
{"learn":[0.5667218313],"iteration":276,"passed_time":7.724313148,"remaining_time":20.16129388},
{"learn":[0.5666537728],"iteration":277,"passed_time":7.751444093,"remaining_time":20.13144833},
{"learn":[0.5665511665],"iteration":278,"passed_time":7.781914104,"remaining_time":20.11025114},
{"learn":[0.5664402454],"iteration":279,"passed_time":7.807999002,"remaining_time":20.07771172},
{"learn":[0.5662962728],"iteration":280,"passed_time":7.837255375,"remaining_time":20.05333315},
{"learn":[0.566183618],"iteration":281,"passed_time":7.867013946,"remaining_time":20.03019863},
{"learn":[0.566105086],"iteration":282,"passed_time":7.892200769,"remaining_time":19.99543446},
{"learn":[0.5660152446],"iteration":283,"passed_time":7.917928105,"remaining_time":19.96210043},
{"learn":[0.5659101185],"iteration":284,"passed_time":7.943379097,"remaining_time":19.92812651},
{"learn":[0.565800429],"iteration":285,"passed_time":7.97689663,"remaining_time":19.91435033},
{"learn":[0.5657005418],"iteration":286,"passed_time":8.002381577,"remaining_time":19.88048106},
{"learn":[0.565598037],"iteration":287,"passed_time":8.028377846,"remaining_time":19.84793412},
{"learn":[0.5654754226],"iteration":288,"passed_time":8.052675771,"remaining_time":19.81125423},
{"learn":[0.5653845121],"iteration":289,"passed_time":8.079008582,"remaining_time":19.7796417},
{"learn":[0.5652565448],"iteration":290,"passed_time":8.102603077,"remaining_time":19.74139375},
{"learn":[0.565085009],"iteration":291,"passed_time":8.133862219,"remaining_time":19.72183031},
{"learn":[0.5649554737],"iteration":292,"passed_time":8.160531661,"remaining_time":19.69111223},
{"learn":[0.5648851801],"iteration":293,"passed_time":8.185501537,"remaining_time":19.65634043},
{"learn":[0.5647641377],"iteration":294,"passed_time":8.217164237,"remaining_time":19.63762979},
{"learn":[0.5646622441],"iteration":295,"passed_time":8.241958938,"remaining_time":19.60249693},
{"learn":[0.5645749976],"iteration":296,"passed_time":8.278845285,"remaining_time":19.59605466},
{"learn":[0.5644462596],"iteration":297,"passed_time":8.302879426,"remaining_time":19.55913207},
{"learn":[0.5643558476],"iteration":298,"passed_time":8.330672996,"remaining_time":19.5311096},
{"learn":[0.5642353224],"iteration":299,"passed_time":8.355682488,"remaining_time":19.49659247},
{"learn":[0.5641624377],"iteration":300,"passed_time":8.382635655,"remaining_time":19.46665224},
{"learn":[0.5640472262],"iteration":301,"passed_time":8.40824101,"remaining_time":19.43361664},
{"learn":[0.5639848756],"iteration":302,"passed_time":8.44804534,"remaining_time":19.43329242},
{"learn":[0.5638600337],"iteration":303,"passed_time":8.477399729,"remaining_time":19.40878359},
{"learn":[0.5637701064],"iteration":304,"passed_time":8.510393126,"remaining_time":19.39253516},
{"learn":[0.5636650372],"iteration":305,"passed_time":8.535040477,"remaining_time":19.35724866},
{"learn":[0.5635442094],"iteration":306,"passed_time":8.562022495,"remaining_time":19.32730159},
{"learn":[0.5634491184],"iteration":307,"passed_time":8.588041217,"remaining_time":19.29520949},
{"learn":[0.563389976],"iteration":308,"passed_time":8.614994565,"remaining_time":19.26524675},
{"learn":[0.5632842786],"iteration":309,"passed_time":8.639117509,"remaining_time":19.22900349},
{"learn":[0.5631613606],"iteration":310,"passed_time":8.679291284,"remaining_time":19.22839773},
{"learn":[0.5630625293],"iteration":311,"passed_time":8.703851493,"remaining_time":19.19310842},
{"learn":[0.5629349626],"iteration":312,"passed_time":8.729974998,"remaining_time":19.16131892},
{"learn":[0.5628369611],"iteration":313,"passed_time":8.754601292,"remaining_time":19.12629454},
{"learn":[0.5627438339],"iteration":314,"passed_time":8.780414268,"remaining_time":19.09391674},
{"learn":[0.5626463026],"iteration":315,"passed_time":8.805981244,"remaining_time":19.06104801},
{"learn":[0.5625302663],"iteration":316,"passed_time":8.844007789,"remaining_time":19.05507041},
{"learn":[0.5625016066],"iteration":317,"passed_time":8.879985929,"remaining_time":19.04449812},
{"learn":[0.5623992788],"iteration":318,"passed_time":8.905306135,"remaining_time":19.01101404},
{"learn":[0.5622917573],"iteration":319,"passed_time":8.93255867,"remaining_time":18.98168717},
{"learn":[0.5622017917],"iteration":320,"passed_time":8.959837381,"remaining_time":18.9524286},
{"learn":[0.5621016953],"iteration":321,"passed_time":8.988756148,"remaining_time":18.92663562},
{"learn":[0.5619877623],"iteration":322,"passed_time":9.030840842,"remaining_time":18.92841873},
{"learn":[0.5619148958],"iteration":323,"passed_time":9.064985771,"remaining_time":18.91336537},
{"learn":[0.5618342883],"iteration":324,"passed_time":9.09164663,"remaining_time":18.88265069},
{"learn":[0.5617670674],"iteration":325,"passed_time":9.115834085,"remaining_time":18.84684716},
{"learn":[0.5616481978],"iteration":326,"passed_time":9.141954271,"remaining_time":18.81509243},
{"learn":[0.5615596237],"iteration":327,"passed_time":9.167398805,"remaining_time":18.7819878},
{"learn":[0.56146344],"iteration":328,"passed_time":9.195038436,"remaining_time":18.75340666},
{"learn":[0.5613654382],"iteration":329,"passed_time":9.220258781,"remaining_time":18.71991934},
{"learn":[0.5612584314],"iteration":330,"passed_time":9.246047279,"remaining_time":18.6876303},
{"learn":[0.5611502658],"iteration":331,"passed_time":9.271328225,"remaining_time":18.6543592},
{"learn":[0.5609978208],"iteration":332,"passed_time":9.312043104,"remaining_time":18.6520503},
{"learn":[0.5608887121],"iteration":333,"passed_time":9.340365233,"remaining_time":18.62480014},
{"learn":[0.5607780845],"iteration":334,"passed_time":9.366098476,"remaining_time":18.59240444},
{"learn":[0.5606742135],"iteration":335,"passed_time":9.39410459,"remaining_time":18.56454002},
{"learn":[0.5606130768],"iteration":336,"passed_time":9.42763154,"remaining_time":18.54753623},
{"learn":[0.5605179193],"iteration":337,"passed_time":9.453729553,"remaining_time":18.51588451},
{"learn":[0.5604068699],"iteration":338,"passed_time":9.47861777,"remaining_time":18.48190663},
{"learn":[0.5602908283],"iteration":339,"passed_time":9.505584325,"remaining_time":18.45201663},
{"learn":[0.5602002131],"iteration":340,"passed_time":9.530051353,"remaining_time":18.41731332},
{"learn":[0.5600781762],"iteration":341,"passed_time":9.557591994,"remaining_time":18.38858343},
{"learn":[0.5599545266],"iteration":342,"passed_time":9.583996768,"remaining_time":18.35768477},
{"learn":[0.5598499887],"iteration":343,"passed_time":9.611970822,"remaining_time":18.32980482},
{"learn":[0.5597320714],"iteration":344,"passed_time":9.639243143,"remaining_time":18.30059205},
{"learn":[0.559675006],"iteration":345,"passed_time":9.66742513,"remaining_time":18.27310993},
{"learn":[0.5595812443],"iteration":346,"passed_time":9.695352133,"remaining_time":18.24514393},
{"learn":[0.5594889832],"iteration":347,"passed_time":9.728067071,"remaining_time":18.22614865},
{"learn":[0.5593980161],"iteration":348,"passed_time":9.757786039,"remaining_time":18.20148628},
{"learn":[0.5593150121],"iteration":349,"passed_time":9.787464705,"remaining_time":18.17672017},
{"learn":[0.5592070342],"iteration":350,"passed_time":9.813039746,"remaining_time":18.14433845},
{"learn":[0.5591100136],"iteration":351,"passed_time":9.841132652,"remaining_time":18.11663056},
{"learn":[0.5590169012],"iteration":352,"passed_time":9.870642035,"remaining_time":18.0915167},
{"learn":[0.5589273713],"iteration":353,"passed_time":9.900219107,"remaining_time":18.06650153},
{"learn":[0.5588271971],"iteration":354,"passed_time":9.926876618,"remaining_time":18.03615611},
{"learn":[0.5587371466],"iteration":355,"passed_time":9.955649468,"remaining_time":18.00965803},
{"learn":[0.5586578461],"iteration":356,"passed_time":9.980889991,"remaining_time":17.97678505},
{"learn":[0.5585817619],"iteration":357,"passed_time":10.00840265,"remaining_time":17.94802934},
{"learn":[0.5584803597],"iteration":358,"passed_time":10.03760132,"remaining_time":17.92229093},
{"learn":[0.5583858264],"iteration":359,"passed_time":10.06492262,"remaining_time":17.89319576},
{"learn":[0.5582842049],"iteration":360,"passed_time":10.09407637,"remaining_time":17.86735402},
{"learn":[0.5581887191],"iteration":361,"passed_time":10.121183,"remaining_time":17.83788606},
{"learn":[0.5581101148],"iteration":362,"passed_time":10.14828585,"remaining_time":17.80842447},
{"learn":[0.5580205943],"iteration":363,"passed_time":10.17723966,"remaining_time":17.78220996},
{"learn":[0.5579386371],"iteration":364,"passed_time":10.20582457,"remaining_time":17.75533863},
{"learn":[0.5578739411],"iteration":365,"passed_time":10.23016882,"remaining_time":17.72111211},
{"learn":[0.5577696663],"iteration":366,"passed_time":10.25588943,"remaining_time":17.68931338},
{"learn":[0.557702325],"iteration":367,"passed_time":10.28041821,"remaining_time":17.65550084},
{"learn":[0.5576273096],"iteration":368,"passed_time":10.30666722,"remaining_time":17.62468026},
{"learn":[0.5575151971],"iteration":369,"passed_time":10.34276367,"remaining_time":17.61065165},
{"learn":[0.5574356311],"iteration":370,"passed_time":10.36800353,"remaining_time":17.57809763},
{"learn":[0.55733706],"iteration":371,"passed_time":10.39996856,"remaining_time":17.55693617},
{"learn":[0.5572640793],"iteration":372,"passed_time":10.4249958,"remaining_time":17.52405461},
{"learn":[0.5571786803],"iteration":373,"passed_time":10.45035188,"remaining_time":17.49176545},
{"learn":[0.5570557345],"iteration":374,"passed_time":10.47612939,"remaining_time":17.46021565},
{"learn":[0.556953589],"iteration":375,"passed_time":10.50230829,"remaining_time":17.42936269},
{"learn":[0.5568769088],"iteration":376,"passed_time":10.53989356,"remaining_time":17.41738378},
{"learn":[0.5567689246],"iteration":377,"passed_time":10.57055496,"remaining_time":17.39387616},
{"learn":[0.5567026105],"iteration":378,"passed_time":10.60365351,"remaining_time":17.37432409},
{"learn":[0.5565815113],"iteration":379,"passed_time":10.63985609,"remaining_time":17.3597652},
{"learn":[0.5564515089],"iteration":380,"passed_time":10.66501981,"remaining_time":17.32715817},
{"learn":[0.5563626761],"iteration":381,"passed_time":10.68989621,"remaining_time":17.29412528},
{"learn":[0.5562433418],"iteration":382,"passed_time":10.71726232,"remaining_time":17.26514583},
{"learn":[0.5561410512],"iteration":383,"passed_time":10.74458305,"remaining_time":17.23610197},
{"learn":[0.5560233831],"iteration":384,"passed_time":10.76893975,"remaining_time":17.20233233},
{"learn":[0.5559523361],"iteration":385,"passed_time":10.79258367,"remaining_time":17.16747765},
{"learn":[0.555876948],"iteration":386,"passed_time":10.81961635,"remaining_time":17.13804864},
{"learn":[0.5557667343],"iteration":387,"passed_time":10.84456544,"remaining_time":17.10534548},
{"learn":[0.5556867069],"iteration":388,"passed_time":10.88527213,"remaining_time":17.09743258},
{"learn":[0.5556027403],"iteration":389,"passed_time":10.91143806,"remaining_time":17.06660824},
{"learn":[0.5555057093],"iteration":390,"passed_time":10.93697746,"remaining_time":17.0348319},
{"learn":[0.5554034301],"iteration":391,"passed_time":10.96091426,"remaining_time":17.00060171},
{"learn":[0.5553384037],"iteration":392,"passed_time":10.99287793,"remaining_time":16.97882164},
{"learn":[0.5552105729],"iteration":393,"passed_time":11.03222808,"remaining_time":16.96835081},
{"learn":[0.5550985643],"iteration":394,"passed_time":11.07431009,"remaining_time":16.96191799},
{"learn":[0.5549929093],"iteration":395,"passed_time":11.10314054,"remaining_time":16.93509315},
{"learn":[0.5548906229],"iteration":396,"passed_time":11.13331007,"remaining_time":16.91029213},
{"learn":[0.554791038],"iteration":397,"passed_time":11.17294366,"remaining_time":16.8997791},
{"learn":[0.5547016865],"iteration":398,"passed_time":11.20109013,"remaining_time":16.87181747},
{"learn":[0.5546060429],"iteration":399,"passed_time":11.23104274,"remaining_time":16.8465641},
{"learn":[0.5545294046],"iteration":400,"passed_time":11.25702094,"remaining_time":16.81535048},
{"learn":[0.5545029292],"iteration":401,"passed_time":11.28592592,"remaining_time":16.78851667},
{"learn":[0.5544055608],"iteration":402,"passed_time":11.31343694,"remaining_time":16.75960758},
{"learn":[0.5543229495],"iteration":403,"passed_time":11.34131466,"remaining_time":16.73124638},
{"learn":[0.5542423991],"iteration":404,"passed_time":11.36865771,"remaining_time":16.70210206},
{"learn":[0.5541585619],"iteration":405,"passed_time":11.39858792,"remaining_time":16.67675178},
{"learn":[0.5540492643],"iteration":406,"passed_time":11.43080132,"remaining_time":16.65470561},
{"learn":[0.5539575438],"iteration":407,"passed_time":11.45615857,"remaining_time":16.62266145},
{"learn":[0.553857911],"iteration":408,"passed_time":11.48323208,"remaining_time":16.59312998},
{"learn":[0.5537957582],"iteration":409,"passed_time":11.50679692,"remaining_time":16.55856142},
{"learn":[0.5537148369],"iteration":410,"passed_time":11.53276837,"remaining_time":16.5274953},
{"learn":[0.5536056854],"iteration":411,"passed_time":11.56515014,"remaining_time":16.50560263},
{"learn":[0.5534799945],"iteration":412,"passed_time":11.59079664,"remaining_time":16.47408626},
{"learn":[0.5533743405],"iteration":413,"passed_time":11.6189878,"remaining_time":16.44620013},
{"learn":[0.5532804489],"iteration":414,"passed_time":11.64443249,"remaining_time":16.41444097},
{"learn":[0.5531753639],"iteration":415,"passed_time":11.68336172,"remaining_time":16.40164241},
{"learn":[0.5530941076],"iteration":416,"passed_time":11.71813545,"remaining_time":16.3829088},
{"learn":[0.5530387963],"iteration":417,"passed_time":11.74247495,"remaining_time":16.34957038},
{"learn":[0.5529260932],"iteration":418,"passed_time":11.76993771,"remaining_time":16.32060575},
{"learn":[0.5528505393],"iteration":419,"passed_time":11.79817432,"remaining_time":16.29271692},
{"learn":[0.5527767611],"iteration":420,"passed_time":11.82390874,"remaining_time":16.26138519},
{"learn":[0.5526959237],"iteration":421,"passed_time":11.85243464,"remaining_time":16.23390338},
{"learn":[0.5525893308],"iteration":422,"passed_time":11.88201771,"remaining_time":16.20785868},
{"learn":[0.5524973094],"iteration":423,"passed_time":11.9106525,"remaining_time":16.18050905},
{"learn":[0.5524128633],"iteration":424,"passed_time":11.93917399,"remaining_time":16.1530001},
{"learn":[0.5523014395],"iteration":425,"passed_time":11.96935784,"remaining_time":16.12772629},
{"learn":[0.5522329961],"iteration":426,"passed_time":11.99943345,"remaining_time":16.10228423},
{"learn":[0.5521511413],"iteration":427,"passed_time":12.02892248,"remaining_time":16.07603659},
{"learn":[0.552070727],"iteration":428,"passed_time":12.05657275,"remaining_time":16.04732643},
{"learn":[0.5520005172],"iteration":429,"passed_time":12.08560762,"remaining_time":16.02045662},
{"learn":[0.5519106309],"iteration":430,"passed_time":12.11629263,"remaining_time":15.99575523},
{"learn":[0.5518373667],"iteration":431,"passed_time":12.14120063,"remaining_time":15.96343046},
{"learn":[0.5517109505],"iteration":432,"passed_time":12.16643639,"remaining_time":15.93156913},
{"learn":[0.5515540784],"iteration":433,"passed_time":12.19200001,"remaining_time":15.90016591},
{"learn":[0.5514895509],"iteration":434,"passed_time":12.21843834,"remaining_time":15.86992566},
{"learn":[0.5513844059],"iteration":435,"passed_time":12.24470495,"remaining_time":15.83948071},
{"learn":[0.5512984472],"iteration":436,"passed_time":12.26907169,"remaining_time":15.80660723},
{"learn":[0.5512180978],"iteration":437,"passed_time":12.29602609,"remaining_time":15.77709283},
{"learn":[0.5510977601],"iteration":438,"passed_time":12.32053708,"remaining_time":15.74446766},
{"learn":[0.5509722777],"iteration":439,"passed_time":12.34622855,"remaining_time":15.7133818},
{"learn":[0.550891069],"iteration":440,"passed_time":12.37491385,"remaining_time":15.68611529},
{"learn":[0.5508181289],"iteration":441,"passed_time":12.40270873,"remaining_time":15.65771826},
{"learn":[0.5507573919],"iteration":442,"passed_time":12.42789454,"remaining_time":15.62604348},
{"learn":[0.5506585006],"iteration":443,"passed_time":12.46442047,"remaining_time":15.6085986},
{"learn":[0.5506103566],"iteration":444,"passed_time":12.48842107,"remaining_time":15.5754465},
{"learn":[0.5505355505],"iteration":445,"passed_time":12.51450286,"remaining_time":15.54492059},
{"learn":[0.5504373194],"iteration":446,"passed_time":12.53909023,"remaining_time":15.51256577},
{"learn":[0.550413054],"iteration":447,"passed_time":12.5637365,"remaining_time":15.48031819},
{"learn":[0.5503360113],"iteration":448,"passed_time":12.59110109,"remaining_time":15.45144032},
{"learn":[0.5502418407],"iteration":449,"passed_time":12.61854104,"remaining_time":15.42266127},
{"learn":[0.5501225973],"iteration":450,"passed_time":12.64466414,"remaining_time":15.39228517},
{"learn":[0.5500451582],"iteration":451,"passed_time":12.67003138,"remaining_time":15.3610115},
{"learn":[0.5499788248],"iteration":452,"passed_time":12.70833456,"remaining_time":15.34538412},
{"learn":[0.5498635617],"iteration":453,"passed_time":12.73273306,"remaining_time":15.31293447},
{"learn":[0.5497688374],"iteration":454,"passed_time":12.75954405,"remaining_time":15.2834099},
{"learn":[0.5496992693],"iteration":455,"passed_time":12.7851185,"remaining_time":15.25242208},
{"learn":[0.5496068899],"iteration":456,"passed_time":12.8156371,"remaining_time":15.22733249},
{"learn":[0.5495215347],"iteration":457,"passed_time":12.84150545,"remaining_time":15.19671606},
{"learn":[0.5494213775],"iteration":458,"passed_time":12.8669235,"remaining_time":15.16558958},
{"learn":[0.5492831937],"iteration":459,"passed_time":12.89459962,"remaining_time":15.13713869},
{"learn":[0.5492030409],"iteration":460,"passed_time":12.92049093,"remaining_time":15.10660436},
{"learn":[0.5491370692],"iteration":461,"passed_time":12.94582378,"remaining_time":15.07543981},
{"learn":[0.5490306086],"iteration":462,"passed_time":12.9720596,"remaining_time":15.04534774},
{"learn":[0.5489244583],"iteration":463,"passed_time":12.99853321,"remaining_time":15.01554699},
{"learn":[0.5488461777],"iteration":464,"passed_time":13.02820162,"remaining_time":14.98943628},
{"learn":[0.5487669629],"iteration":465,"passed_time":13.0619302,"remaining_time":14.96796293},
{"learn":[0.5486933203],"iteration":466,"passed_time":13.0863351,"remaining_time":14.93579574},
{"learn":[0.5486041057],"iteration":467,"passed_time":13.11119003,"remaining_time":14.90417329},
{"learn":[0.5485373352],"iteration":468,"passed_time":13.14100726,"remaining_time":14.87819798},
{"learn":[0.5484631487],"iteration":469,"passed_time":13.18001767,"remaining_time":14.86257311},
{"learn":[0.5483614168],"iteration":470,"passed_time":13.20449842,"remaining_time":14.83053007},
{"learn":[0.5482926932],"iteration":471,"passed_time":13.22933672,"remaining_time":14.79891904},
{"learn":[0.5482148754],"iteration":472,"passed_time":13.25883252,"remaining_time":14.77252587},
{"learn":[0.5481485693],"iteration":473,"passed_time":13.28397372,"remaining_time":14.74128729},
{"learn":[0.548095057],"iteration":474,"passed_time":13.30900347,"remaining_time":14.70995121},
{"learn":[0.548011433],"iteration":475,"passed_time":13.33401436,"remaining_time":14.67862085},
{"learn":[0.5479294744],"iteration":476,"passed_time":13.36110291,"remaining_time":14.64959502},
{"learn":[0.5478720976],"iteration":477,"passed_time":13.38987287,"remaining_time":14.62241346},
{"learn":[0.5477782684],"iteration":478,"passed_time":13.42138602,"remaining_time":14.59820901},
{"learn":[0.5476947897],"iteration":479,"passed_time":13.44719948,"remaining_time":14.56779944},
{"learn":[0.5475621618],"iteration":480,"passed_time":13.47408935,"remaining_time":14.53857042},
{"learn":[0.5474778823],"iteration":481,"passed_time":13.49962494,"remaining_time":14.50789568},
{"learn":[0.5474385669],"iteration":482,"passed_time":13.52481439,"remaining_time":14.47687172},
{"learn":[0.5473485007],"iteration":483,"passed_time":13.55033952,"remaining_time":14.44622974},
{"learn":[0.5472374044],"iteration":484,"passed_time":13.57721518,"remaining_time":14.41704293},
{"learn":[0.5471291043],"iteration":485,"passed_time":13.60365967,"remaining_time":14.38740961},
{"learn":[0.5470354803],"iteration":486,"passed_time":13.63145588,"remaining_time":14.35921328},
{"learn":[0.5469437464],"iteration":487,"passed_time":13.65934818,"remaining_time":14.3311194},
{"learn":[0.54687282],"iteration":488,"passed_time":13.68630492,"remaining_time":14.3020487},
{"learn":[0.5467834372],"iteration":489,"passed_time":13.71513852,"remaining_time":14.27494009},
{"learn":[0.5466806813],"iteration":490,"passed_time":13.74357431,"remaining_time":14.24741207},
{"learn":[0.546604594],"iteration":491,"passed_time":13.77090859,"remaining_time":14.21874302},
{"learn":[0.5465111768],"iteration":492,"passed_time":13.7948075,"remaining_time":14.18654645},
{"learn":[0.546400023],"iteration":493,"passed_time":13.83664626,"remaining_time":14.17275913},
{"learn":[0.5463116885],"iteration":494,"passed_time":13.86242417,"remaining_time":14.14247314},
{"learn":[0.5462209709],"iteration":495,"passed_time":13.88810114,"remaining_time":14.11210278},
{"learn":[0.5461143636],"iteration":496,"passed_time":13.91444599,"remaining_time":14.08242723},
{"learn":[0.5460394864],"iteration":497,"passed_time":13.94075929,"remaining_time":14.05273326},
{"learn":[0.5459355797],"iteration":498,"passed_time":13.96513504,"remaining_time":14.02110752},
{"learn":[0.5458461212],"iteration":499,"passed_time":13.99463497,"remaining_time":13.99463497},
{"learn":[0.5457655638],"iteration":500,"passed_time":14.02445322,"remaining_time":13.96846738},
{"learn":[0.5456861697],"iteration":501,"passed_time":14.05227132,"remaining_time":13.94030103},
{"learn":[0.54562974],"iteration":502,"passed_time":14.07897886,"remaining_time":13.91103875},
{"learn":[0.5455574799],"iteration":503,"passed_time":14.10412238,"remaining_time":13.88024742},
{"learn":[0.545457286],"iteration":504,"passed_time":14.13201595,"remaining_time":13.85217405},
{"learn":[0.545391996],"iteration":505,"passed_time":14.15983064,"remaining_time":13.82402438},
{"learn":[0.5453322047],"iteration":506,"passed_time":14.19212744,"remaining_time":13.80023437},
{"learn":[0.5452382976],"iteration":507,"passed_time":14.22645019,"remaining_time":13.77837302},
{"learn":[0.5451468723],"iteration":508,"passed_time":14.25753702,"remaining_time":13.75334121},
{"learn":[0.5450766147],"iteration":509,"passed_time":14.29265117,"remaining_time":13.73215505},
{"learn":[0.5450051494],"iteration":510,"passed_time":14.32486999,"remaining_time":13.70814369},
{"learn":[0.5449225185],"iteration":511,"passed_time":14.35750644,"remaining_time":13.68449832},
{"learn":[0.544820243],"iteration":512,"passed_time":14.38924837,"remaining_time":13.65996872},
{"learn":[0.5447187819],"iteration":513,"passed_time":14.42236676,"remaining_time":13.63671254},
{"learn":[0.5446474032],"iteration":514,"passed_time":14.45550289,"remaining_time":13.61343476},
{"learn":[0.5445528376],"iteration":515,"passed_time":14.4938526,"remaining_time":13.59500902},
{"learn":[0.5445177461],"iteration":516,"passed_time":14.52089886,"remaining_time":13.56594613},
{"learn":[0.544440912],"iteration":517,"passed_time":14.54495663,"remaining_time":13.53411022},
{"learn":[0.5443460492],"iteration":518,"passed_time":14.57136189,"remaining_time":13.5044799},
{"learn":[0.5442761403],"iteration":519,"passed_time":14.60207817,"remaining_time":13.47884139},
{"learn":[0.5441970878],"iteration":520,"passed_time":14.62770489,"remaining_time":13.44850411},
{"learn":[0.5441072945],"iteration":521,"passed_time":14.65429216,"remaining_time":13.41906447},
{"learn":[0.5440236625],"iteration":522,"passed_time":14.67891309,"remaining_time":13.38784234},
{"learn":[0.5439120265],"iteration":523,"passed_time":14.71693143,"remaining_time":13.36881557},
{"learn":[0.5438556601],"iteration":524,"passed_time":14.74177115,"remaining_time":13.33779295},
{"learn":[0.543731674],"iteration":525,"passed_time":14.7696217,"remaining_time":13.30950701},
{"learn":[0.5436203319],"iteration":526,"passed_time":14.79442685,"remaining_time":13.27848938},
{"learn":[0.5435579707],"iteration":527,"passed_time":14.83131645,"remaining_time":13.25829803},
{"learn":[0.5434977098],"iteration":528,"passed_time":14.85663467,"remaining_time":13.22774089},
{"learn":[0.5434292745],"iteration":529,"passed_time":14.88299963,"remaining_time":13.19813175},
{"learn":[0.5433318587],"iteration":530,"passed_time":14.90781503,"remaining_time":13.16716619},
{"learn":[0.54324826],"iteration":531,"passed_time":14.93493969,"remaining_time":13.13825522},
{"learn":[0.5431652566],"iteration":532,"passed_time":14.97307709,"remaining_time":13.119},
{"learn":[0.543091794],"iteration":533,"passed_time":15.00086444,"remaining_time":13.09064201},
{"learn":[0.5429904022],"iteration":534,"passed_time":15.02499706,"remaining_time":13.05910959},
{"learn":[0.5429098574],"iteration":535,"passed_time":15.05242824,"remaining_time":13.03046027},
{"learn":[0.5428295604],"iteration":536,"passed_time":15.08873972,"remaining_time":13.00947205},
{"learn":[0.5427290738],"iteration":537,"passed_time":15.1147127,"remaining_time":12.97954882},
{"learn":[0.542633408],"iteration":538,"passed_time":15.1418378,"remaining_time":12.95062565},
{"learn":[0.5425257199],"iteration":539,"passed_time":15.16879361,"remaining_time":12.92156493},
{"learn":[0.5424630262],"iteration":540,"passed_time":15.19329363,"remaining_time":12.89042842},
{"learn":[0.5423696888],"iteration":541,"passed_time":15.21883748,"remaining_time":12.86019846},
{"learn":[0.5422634245],"iteration":542,"passed_time":15.24672728,"remaining_time":12.83196016},
{"learn":[0.5421837052],"iteration":543,"passed_time":15.27376256,"remaining_time":12.80300685},
{"learn":[0.542085004],"iteration":544,"passed_time":15.30192421,"remaining_time":12.77500095},
{"learn":[0.5419955113],"iteration":545,"passed_time":15.32680999,"remaining_time":12.74427058},
{"learn":[0.5419256847],"iteration":546,"passed_time":15.35668862,"remaining_time":12.71769642},
{"learn":[0.5418342939],"iteration":547,"passed_time":15.38656454,"remaining_time":12.69110798},
{"learn":[0.5417502567],"iteration":548,"passed_time":15.41457199,"remaining_time":12.66297261},
{"learn":[0.5416694681],"iteration":549,"passed_time":15.4393033,"remaining_time":12.63215725},
{"learn":[0.5415853973],"iteration":550,"passed_time":15.4652664,"remaining_time":12.60236772},
{"learn":[0.5415072898],"iteration":551,"passed_time":15.49359243,"remaining_time":12.5745098},
{"learn":[0.5414262801],"iteration":552,"passed_time":15.52807947,"remaining_time":12.55163024},
{"learn":[0.5413319089],"iteration":553,"passed_time":15.55315617,"remaining_time":12.52113295},
{"learn":[0.5412554209],"iteration":554,"passed_time":15.58032905,"remaining_time":12.49233591},
{"learn":[0.5411599583],"iteration":555,"passed_time":15.6042397,"remaining_time":12.46093962},
{"learn":[0.5410891067],"iteration":556,"passed_time":15.63227185,"remaining_time":12.43284817},
{"learn":[0.5410233363],"iteration":557,"passed_time":15.65928091,"remaining_time":12.40394652},
{"learn":[0.5409627314],"iteration":558,"passed_time":15.68417446,"remaining_time":12.37338271},
{"learn":[0.5408928942],"iteration":559,"passed_time":15.71143743,"remaining_time":12.34470084},
{"learn":[0.5408157235],"iteration":560,"passed_time":15.74492464,"remaining_time":12.32089468},
{"learn":[0.5407344311],"iteration":561,"passed_time":15.76961314,"remaining_time":12.29019672},
{"learn":[0.5406315835],"iteration":562,"passed_time":15.79809534,"remaining_time":12.26246477},
{"learn":[0.5405556442],"iteration":563,"passed_time":15.82580746,"remaining_time":12.23413484},
{"learn":[0.5404148989],"iteration":564,"passed_time":15.85171137,"remaining_time":12.20441495},
{"learn":[0.5402703643],"iteration":565,"passed_time":15.88117872,"remaining_time":12.17744093},
{"learn":[0.540192869],"iteration":566,"passed_time":15.91087667,"remaining_time":12.15063421},
{"learn":[0.5401082035],"iteration":567,"passed_time":15.93885222,"remaining_time":12.12250732},
{"learn":[0.5400270543],"iteration":568,"passed_time":15.9669253,"remaining_time":12.09445484},
{"learn":[0.5399782387],"iteration":569,"passed_time":15.99671566,"remaining_time":12.06769778},
{"learn":[0.5398735534],"iteration":570,"passed_time":16.02207808,"remaining_time":12.03760332},
{"learn":[0.5397937566],"iteration":571,"passed_time":16.0489324,"remaining_time":12.00864173},
{"learn":[0.5397238969],"iteration":572,"passed_time":16.07667538,"remaining_time":11.98034971},
{"learn":[0.5396452542],"iteration":573,"passed_time":16.10278925,"remaining_time":11.95085056},
{"learn":[0.5395453521],"iteration":574,"passed_time":16.14721083,"remaining_time":11.93489496},
{"learn":[0.5394813542],"iteration":575,"passed_time":16.17929817,"remaining_time":11.90976115},
{"learn":[0.5393821524],"iteration":576,"passed_time":16.20977528,"remaining_time":11.88342278},
{"learn":[0.5392845025],"iteration":577,"passed_time":16.23342824,"remaining_time":11.85208775},
{"learn":[0.5391949251],"iteration":578,"passed_time":16.26480833,"remaining_time":11.82639777},
{"learn":[0.5390838111],"iteration":579,"passed_time":16.2924582,"remaining_time":11.79798697},
{"learn":[0.5389983967],"iteration":580,"passed_time":16.32804789,"remaining_time":11.77530476},
{"learn":[0.5389202511],"iteration":581,"passed_time":16.35348615,"remaining_time":11.7452873},
{"learn":[0.5388562196],"iteration":582,"passed_time":16.37997791,"remaining_time":11.71603909},
{"learn":[0.5387653596],"iteration":583,"passed_time":16.41357187,"remaining_time":11.69185941},
{"learn":[0.5387028694],"iteration":584,"passed_time":16.44741015,"remaining_time":11.66782088},
{"learn":[0.5386130969],"iteration":585,"passed_time":16.47695433,"remaining_time":11.64071517},
{"learn":[0.5385241322],"iteration":586,"passed_time":16.50625066,"remaining_time":11.61342678},
{"learn":[0.5384317963],"iteration":587,"passed_time":16.5325699,"remaining_time":11.58404558},
{"learn":[0.538367917],"iteration":588,"passed_time":16.56436404,"remaining_time":11.55849511},
{"learn":[0.5382882497],"iteration":589,"passed_time":16.5920024,"remaining_time":11.53003557},
{"learn":[0.53821522],"iteration":590,"passed_time":16.6230482,"remaining_time":11.50393691},
{"learn":[0.5381543059],"iteration":591,"passed_time":16.64817589,"remaining_time":11.47374285},
{"learn":[0.5380709154],"iteration":592,"passed_time":16.67425697,"remaining_time":11.44422021},
{"learn":[0.5380001202],"iteration":593,"passed_time":16.69841796,"remaining_time":11.41339679},
{"learn":[0.5379327656],"iteration":594,"passed_time":16.72546899,"remaining_time":11.38456293},
{"learn":[0.5378355598],"iteration":595,"passed_time":16.76347377,"remaining_time":11.36316007},
{"learn":[0.53778608],"iteration":596,"passed_time":16.78848981,"remaining_time":11.33293366},
{"learn":[0.5377240286],"iteration":597,"passed_time":16.81405274,"remaining_time":11.30309231},
{"learn":[0.5376719785],"iteration":598,"passed_time":16.83893169,"remaining_time":11.27280736},
{"learn":[0.5375797276],"iteration":599,"passed_time":16.8642992,"remaining_time":11.24286613},
{"learn":[0.5374830302],"iteration":600,"passed_time":16.8916783,"remaining_time":11.21427561},
{"learn":[0.5374328787],"iteration":601,"passed_time":16.92277568,"remaining_time":11.18814737},
{"learn":[0.5373372871],"iteration":602,"passed_time":16.95873456,"remaining_time":11.16520335},
{"learn":[0.5372434839],"iteration":603,"passed_time":16.98285503,"remaining_time":11.13445462},
{"learn":[0.5371441148],"iteration":604,"passed_time":17.01589231,"remaining_time":11.10954952},
{"learn":[0.5370556102],"iteration":605,"passed_time":17.04433051,"remaining_time":11.08162743},
{"learn":[0.5369499338],"iteration":606,"passed_time":17.07985436,"remaining_time":11.05829121},
{"learn":[0.536869203],"iteration":607,"passed_time":17.11042761,"remaining_time":11.03172307},
{"learn":[0.536793752],"iteration":608,"passed_time":17.135216,"remaining_time":11.00142768},
{"learn":[0.5366903931],"iteration":609,"passed_time":17.16046436,"remaining_time":10.97144442},
{"learn":[0.5366177431],"iteration":610,"passed_time":17.18776547,"remaining_time":10.94278358},
{"learn":[0.5365508977],"iteration":611,"passed_time":17.2122608,"remaining_time":10.91234835},
{"learn":[0.5364848876],"iteration":612,"passed_time":17.23878019,"remaining_time":10.88321033},
{"learn":[0.5363868914],"iteration":613,"passed_time":17.26303201,"remaining_time":10.8526553},
{"learn":[0.5363009272],"iteration":614,"passed_time":17.28886185,"remaining_time":10.82310863},
{"learn":[0.5362259933],"iteration":615,"passed_time":17.31344239,"remaining_time":10.79279526},
{"learn":[0.5361451046],"iteration":616,"passed_time":17.34057436,"remaining_time":10.76408425},
{"learn":[0.53607762],"iteration":617,"passed_time":17.36517596,"remaining_time":10.73381427},
{"learn":[0.5360068688],"iteration":618,"passed_time":17.39216311,"remaining_time":10.70503093},
{"learn":[0.5358873895],"iteration":619,"passed_time":17.42474848,"remaining_time":10.67968455},
{"learn":[0.5357922042],"iteration":620,"passed_time":17.44969262,"remaining_time":10.64965138},
{"learn":[0.5357241602],"iteration":621,"passed_time":17.47577308,"remaining_time":10.62032512},
{"learn":[0.5356097831],"iteration":622,"passed_time":17.50217719,"remaining_time":10.59120514},
{"learn":[0.5355177102],"iteration":623,"passed_time":17.52740832,"remaining_time":10.56138707},
{"learn":[0.5354435462],"iteration":624,"passed_time":17.55463069,"remaining_time":10.53277841},
{"learn":[0.535396439],"iteration":625,"passed_time":17.58062516,"remaining_time":10.50344059},
{"learn":[0.5352981857],"iteration":626,"passed_time":17.60637155,"remaining_time":10.47396585},
{"learn":[0.5352167976],"iteration":627,"passed_time":17.63055047,"remaining_time":10.44357448},
{"learn":[0.535125579],"iteration":628,"passed_time":17.65908679,"remaining_time":10.41577297},
{"learn":[0.535058446],"iteration":629,"passed_time":17.69105842,"remaining_time":10.38998669},
{"learn":[0.5349960958],"iteration":630,"passed_time":17.71477994,"remaining_time":10.35935626},
{"learn":[0.5348910047],"iteration":631,"passed_time":17.74340078,"remaining_time":10.33160045},
{"learn":[0.53483932],"iteration":632,"passed_time":17.76911848,"remaining_time":10.30215874},
{"learn":[0.5347677238],"iteration":633,"passed_time":17.79795656,"remaining_time":10.27453013},
{"learn":[0.5346788984],"iteration":634,"passed_time":17.82415904,"remaining_time":10.24538276},
{"learn":[0.5346225946],"iteration":635,"passed_time":17.84845322,"remaining_time":10.21515247},
{"learn":[0.5345599876],"iteration":636,"passed_time":17.87467301,"remaining_time":10.18603815},
{"learn":[0.5344588973],"iteration":637,"passed_time":17.90156526,"remaining_time":10.15731446},
{"learn":[0.5343493504],"iteration":638,"passed_time":17.92664855,"remaining_time":10.12757454},
{"learn":[0.5342979337],"iteration":639,"passed_time":17.95300552,"remaining_time":10.09856561},
{"learn":[0.5342198886],"iteration":640,"passed_time":17.97862959,"remaining_time":10.06915448},
{"learn":[0.5341285412],"iteration":641,"passed_time":18.0081333,"remaining_time":10.04191857},
{"learn":[0.5340138947],"iteration":642,"passed_time":18.03697419,"remaining_time":10.0143076},
{"learn":[0.5339517313],"iteration":643,"passed_time":18.06318125,"remaining_time":9.985236839},
{"learn":[0.5339201106],"iteration":644,"passed_time":18.09002494,"remaining_time":9.956525353},
{"learn":[0.5338472586],"iteration":645,"passed_time":18.12008552,"remaining_time":9.929582469},
{"learn":[0.5337766588],"iteration":646,"passed_time":18.15686787,"remaining_time":9.90629731},
{"learn":[0.5336758903],"iteration":647,"passed_time":18.18747899,"remaining_time":9.879618218},
{"learn":[0.5336259941],"iteration":648,"passed_time":18.211552,"remaining_time":9.849390988},
{"learn":[0.5335567182],"iteration":649,"passed_time":18.23814576,"remaining_time":9.820540024},
{"learn":[0.5334905979],"iteration":650,"passed_time":18.27090201,"remaining_time":9.794999695},
{"learn":[0.533400448],"iteration":651,"passed_time":18.29492797,"remaining_time":9.764777507},
{"learn":[0.5333561029],"iteration":652,"passed_time":18.3218125,"remaining_time":9.736093319},
{"learn":[0.5332896226],"iteration":653,"passed_time":18.34617025,"remaining_time":9.706077839},
{"learn":[0.5332065581],"iteration":654,"passed_time":18.37257404,"remaining_time":9.677157319},
{"learn":[0.5331184785],"iteration":655,"passed_time":18.3978641,"remaining_time":9.647660444},
{"learn":[0.5330574517],"iteration":656,"passed_time":18.42389139,"remaining_time":9.618561258},
{"learn":[0.5329739793],"iteration":657,"passed_time":18.45359096,"remaining_time":9.591380106},
{"learn":[0.5328944523],"iteration":658,"passed_time":18.47915705,"remaining_time":9.562052433},
{"learn":[0.532793844],"iteration":659,"passed_time":18.50651641,"remaining_time":9.53365997},
{"learn":[0.532730977],"iteration":660,"passed_time":18.53410131,"remaining_time":9.505386299},
{"learn":[0.5326669628],"iteration":661,"passed_time":18.56158201,"remaining_time":9.477061511},
{"learn":[0.5325981081],"iteration":662,"passed_time":18.59061158,"remaining_time":9.449526551},
{"learn":[0.5325138053],"iteration":663,"passed_time":18.62276715,"remaining_time":9.42356892},
{"learn":[0.5324620615],"iteration":664,"passed_time":18.65362171,"remaining_time":9.396937252},
{"learn":[0.5323914127],"iteration":665,"passed_time":18.68502919,"remaining_time":9.370570192},
{"learn":[0.5323389667],"iteration":666,"passed_time":18.71349152,"remaining_time":9.342717654},
{"learn":[0.5322684709],"iteration":667,"passed_time":18.74071522,"remaining_time":9.314247685},
{"learn":[0.5321829733],"iteration":668,"passed_time":18.76863237,"remaining_time":9.286124535},
{"learn":[0.532107675],"iteration":669,"passed_time":18.80375695,"remaining_time":9.26155193},
{"learn":[0.532013668],"iteration":670,"passed_time":18.83138205,"remaining_time":9.23327078},
{"learn":[0.5319600079],"iteration":671,"passed_time":18.85594925,"remaining_time":9.203499037},
{"learn":[0.5318756161],"iteration":672,"passed_time":18.88207087,"remaining_time":9.174498028},
{"learn":[0.5318050199],"iteration":673,"passed_time":18.90677834,"remaining_time":9.14482157},
{"learn":[0.5317297564],"iteration":674,"passed_time":18.93401173,"remaining_time":9.116376017},
{"learn":[0.5316451473],"iteration":675,"passed_time":18.97139836,"remaining_time":9.092800398},
{"learn":[0.5315531244],"iteration":676,"passed_time":18.99739764,"remaining_time":9.063751016},
{"learn":[0.5314534657],"iteration":677,"passed_time":19.03531926,"remaining_time":9.040372864},
{"learn":[0.5313960902],"iteration":678,"passed_time":19.06301811,"remaining_time":9.01211902},
{"learn":[0.5313451773],"iteration":679,"passed_time":19.08933524,"remaining_time":8.983216584},
{"learn":[0.5312544763],"iteration":680,"passed_time":19.1175674,"remaining_time":8.955218796},
{"learn":[0.5311824806],"iteration":681,"passed_time":19.14206449,"remaining_time":8.925478753},
{"learn":[0.5311092454],"iteration":682,"passed_time":19.16863524,"remaining_time":8.896716501},
{"learn":[0.5310339676],"iteration":683,"passed_time":19.19424575,"remaining_time":8.86751704},
{"learn":[0.5309691871],"iteration":684,"passed_time":19.21932827,"remaining_time":8.838085263},
{"learn":[0.5309031991],"iteration":685,"passed_time":19.24472183,"remaining_time":8.808808535},
{"learn":[0.5308683139],"iteration":686,"passed_time":19.2704265,"remaining_time":8.779684856},
{"learn":[0.5308129248],"iteration":687,"passed_time":19.29570331,"remaining_time":8.750377083},
{"learn":[0.5306934913],"iteration":688,"passed_time":19.31950386,"remaining_time":8.720414661},
{"learn":[0.5306131827],"iteration":689,"passed_time":19.34600723,"remaining_time":8.691684408},
{"learn":[0.530498831],"iteration":690,"passed_time":19.37117804,"remaining_time":8.662364709},
{"learn":[0.5304155281],"iteration":691,"passed_time":19.39761396,"remaining_time":8.633620086},
{"learn":[0.5303483806],"iteration":692,"passed_time":19.43511248,"remaining_time":8.609782872},
{"learn":[0.5302688306],"iteration":693,"passed_time":19.46292548,"remaining_time":8.581635731},
{"learn":[0.5302021432],"iteration":694,"passed_time":19.48664669,"remaining_time":8.551693871},
{"learn":[0.5301158321],"iteration":695,"passed_time":19.5140024,"remaining_time":8.523357372},
{"learn":[0.5299993826],"iteration":696,"passed_time":19.54013911,"remaining_time":8.494493758},
{"learn":[0.5299295845],"iteration":697,"passed_time":19.56697364,"remaining_time":8.465939885},
{"learn":[0.5298732764],"iteration":698,"passed_time":19.59059461,"remaining_time":8.436007122},
{"learn":[0.529773917],"iteration":699,"passed_time":19.61553433,"remaining_time":8.406657571},
{"learn":[0.5296998558],"iteration":700,"passed_time":19.64187543,"remaining_time":8.377918334},
{"learn":[0.5296441349],"iteration":701,"passed_time":19.66755393,"remaining_time":8.348904658},
{"learn":[0.5295617628],"iteration":702,"passed_time":19.69932794,"remaining_time":8.322475672},
{"learn":[0.5294613684],"iteration":703,"passed_time":19.72614859,"remaining_time":8.293948841},
{"learn":[0.5293399448],"iteration":704,"passed_time":19.7518133,"remaining_time":8.264943156},
{"learn":[0.5292741138],"iteration":705,"passed_time":19.78057564,"remaining_time":8.23723688},
{"learn":[0.5291909005],"iteration":706,"passed_time":19.80596189,"remaining_time":8.208128477},
{"learn":[0.5290817841],"iteration":707,"passed_time":19.83384237,"remaining_time":8.180059283},
{"learn":[0.5289703845],"iteration":708,"passed_time":19.86392504,"remaining_time":8.15289448},
{"learn":[0.5288992052],"iteration":709,"passed_time":19.88896475,"remaining_time":8.123661658},
{"learn":[0.5288487827],"iteration":710,"passed_time":19.91523296,"remaining_time":8.094939979},
{"learn":[0.5287819555],"iteration":711,"passed_time":19.943224,"remaining_time":8.066922068},
{"learn":[0.5287226097],"iteration":712,"passed_time":19.97239717,"remaining_time":8.039380068},
{"learn":[0.5286677998],"iteration":713,"passed_time":19.99758761,"remaining_time":8.010238173},
{"learn":[0.5285490043],"iteration":714,"passed_time":20.02163503,"remaining_time":7.980651725},
{"learn":[0.528453256],"iteration":715,"passed_time":20.04888846,"remaining_time":7.952352405},
{"learn":[0.5283716336],"iteration":716,"passed_time":20.07534135,"remaining_time":7.923740033},
{"learn":[0.5282937308],"iteration":717,"passed_time":20.1020169,"remaining_time":7.895221124},
{"learn":[0.5281918538],"iteration":718,"passed_time":20.12771867,"remaining_time":7.866326767},
{"learn":[0.5281089294],"iteration":719,"passed_time":20.15343424,"remaining_time":7.83744665},
{"learn":[0.5280444369],"iteration":720,"passed_time":20.1795825,"remaining_time":7.808742741},
{"learn":[0.5279987089],"iteration":721,"passed_time":20.20665661,"remaining_time":7.780402407},
{"learn":[0.5279278852],"iteration":722,"passed_time":20.23295678,"remaining_time":7.751769057},
{"learn":[0.5278508978],"iteration":723,"passed_time":20.26056552,"remaining_time":7.723641001},
{"learn":[0.5277785524],"iteration":724,"passed_time":20.28530311,"remaining_time":7.694425319},
{"learn":[0.5276896002],"iteration":725,"passed_time":20.31328786,"remaining_time":7.666447486},
{"learn":[0.5276189863],"iteration":726,"passed_time":20.34036471,"remaining_time":7.6381287},
{"learn":[0.5275546166],"iteration":727,"passed_time":20.36536732,"remaining_time":7.609038341},
{"learn":[0.5274735601],"iteration":728,"passed_time":20.39149562,"remaining_time":7.58037766},
{"learn":[0.5273995581],"iteration":729,"passed_time":20.42687501,"remaining_time":7.555145551},
{"learn":[0.5272912459],"iteration":730,"passed_time":20.46213666,"remaining_time":7.529842356},
{"learn":[0.5272041681],"iteration":731,"passed_time":20.4903614,"remaining_time":7.501935594},
{"learn":[0.5271006342],"iteration":732,"passed_time":20.51686249,"remaining_time":7.473400116},
{"learn":[0.5270166062],"iteration":733,"passed_time":20.54650726,"remaining_time":7.446009444},
{"learn":[0.5269274713],"iteration":734,"passed_time":20.57480199,"remaining_time":7.418125889},
{"learn":[0.5268636852],"iteration":735,"passed_time":20.60380835,"remaining_time":7.390496473},
{"learn":[0.5267846029],"iteration":736,"passed_time":20.63118072,"remaining_time":7.36228023},
{"learn":[0.5266949889],"iteration":737,"passed_time":20.65633805,"remaining_time":7.333279904},
{"learn":[0.5266227475],"iteration":738,"passed_time":20.68114855,"remaining_time":7.304167485},
{"learn":[0.5265128151],"iteration":739,"passed_time":20.70951114,"remaining_time":7.276314726},
{"learn":[0.5263963644],"iteration":740,"passed_time":20.74338508,"remaining_time":7.250386959},
{"learn":[0.5263282492],"iteration":741,"passed_time":20.76851135,"remaining_time":7.22139613},
{"learn":[0.5262308256],"iteration":742,"passed_time":20.793247,"remaining_time":7.19228059},
{"learn":[0.5261396608],"iteration":743,"passed_time":20.82609346,"remaining_time":7.165967642},
{"learn":[0.5260647205],"iteration":744,"passed_time":20.85653026,"remaining_time":7.138812371},
{"learn":[0.5260128487],"iteration":745,"passed_time":20.88319153,"remaining_time":7.1103628},
{"learn":[0.5259548168],"iteration":746,"passed_time":20.9118804,"remaining_time":7.082604739},
{"learn":[0.5258988348],"iteration":747,"passed_time":20.94062404,"remaining_time":7.054862646},
{"learn":[0.5258075371],"iteration":748,"passed_time":20.96901137,"remaining_time":7.026998468},
{"learn":[0.5257223068],"iteration":749,"passed_time":20.99675557,"remaining_time":6.998918523},
{"learn":[0.5256410819],"iteration":750,"passed_time":21.02727221,"remaining_time":6.971758695},
{"learn":[0.5255698229],"iteration":751,"passed_time":21.05338063,"remaining_time":6.943136166},
{"learn":[0.5254716265],"iteration":752,"passed_time":21.07857566,"remaining_time":6.914220701},
{"learn":[0.5253671287],"iteration":753,"passed_time":21.10578754,"remaining_time":6.885973123},
{"learn":[0.5252334449],"iteration":754,"passed_time":21.14112907,"remaining_time":6.860366386},
{"learn":[0.5251484069],"iteration":755,"passed_time":21.16648518,"remaining_time":6.831511089},
{"learn":[0.5250783187],"iteration":756,"passed_time":21.19273914,"remaining_time":6.802953249},
{"learn":[0.5249739285],"iteration":757,"passed_time":21.21731513,"remaining_time":6.77386578},
{"learn":[0.524882017],"iteration":758,"passed_time":21.24455703,"remaining_time":6.745636685},
{"learn":[0.5248066074],"iteration":759,"passed_time":21.27299125,"remaining_time":6.71778671},
{"learn":[0.5247457933],"iteration":760,"passed_time":21.31078234,"remaining_time":6.692873824},
{"learn":[0.5246977992],"iteration":761,"passed_time":21.33753382,"remaining_time":6.664479066},
{"learn":[0.5246505103],"iteration":762,"passed_time":21.3643887,"remaining_time":6.636120736},
{"learn":[0.5245509695],"iteration":763,"passed_time":21.39071665,"remaining_time":6.607603571},
{"learn":[0.5245153365],"iteration":764,"passed_time":21.41523017,"remaining_time":6.578534759},
{"learn":[0.524431945],"iteration":765,"passed_time":21.45580459,"remaining_time":6.55438417},
{"learn":[0.5243588539],"iteration":766,"passed_time":21.48023404,"remaining_time":6.525286222},
{"learn":[0.5242625319],"iteration":767,"passed_time":21.50706607,"remaining_time":6.496926209},
{"learn":[0.5242032691],"iteration":768,"passed_time":21.53103047,"remaining_time":6.467708764},
{"learn":[0.5241602565],"iteration":769,"passed_time":21.55669051,"remaining_time":6.439011451},
{"learn":[0.5240551159],"iteration":770,"passed_time":21.59020414,"remaining_time":6.412654667},
{"learn":[0.52399132],"iteration":771,"passed_time":21.61481722,"remaining_time":6.383650683},
{"learn":[0.5239432545],"iteration":772,"passed_time":21.64052524,"remaining_time":6.354979598},
{"learn":[0.5238661991],"iteration":773,"passed_time":21.66785627,"remaining_time":6.326790072},
{"learn":[0.5237977711],"iteration":774,"passed_time":21.69245067,"remaining_time":6.29780826},
{"learn":[0.5237308347],"iteration":775,"passed_time":21.71744374,"remaining_time":6.268952832},
{"learn":[0.5236777431],"iteration":776,"passed_time":21.7423229,"remaining_time":6.240074655},
{"learn":[0.5236261128],"iteration":777,"passed_time":21.76846368,"remaining_time":6.211566756},
{"learn":[0.5235749605],"iteration":778,"passed_time":21.79342114,"remaining_time":6.182729231},
{"learn":[0.5235289851],"iteration":779,"passed_time":21.82381801,"remaining_time":6.15543585},
{"learn":[0.5234764761],"iteration":780,"passed_time":21.85547886,"remaining_time":6.128488952},
{"learn":[0.5233848469],"iteration":781,"passed_time":21.8879412,"remaining_time":6.101753428},
{"learn":[0.523322395],"iteration":782,"passed_time":21.92604599,"remaining_time":6.076567024},
{"learn":[0.5232441757],"iteration":783,"passed_time":21.95213529,"remaining_time":6.048037274},
{"learn":[0.5231568859],"iteration":784,"passed_time":21.98069934,"remaining_time":6.020191538},
{"learn":[0.5230693974],"iteration":785,"passed_time":22.00795749,"remaining_time":5.991988425},
{"learn":[0.522995327],"iteration":786,"passed_time":22.03621418,"remaining_time":5.964057968},
{"learn":[0.5229178317],"iteration":787,"passed_time":22.06922552,"remaining_time":5.93740585},
{"learn":[0.5228053039],"iteration":788,"passed_time":22.10050211,"remaining_time":5.910273694},
{"learn":[0.5227361874],"iteration":789,"passed_time":22.12841562,"remaining_time":5.882237063},
{"learn":[0.5226763259],"iteration":790,"passed_time":22.15832269,"remaining_time":5.854727487},
{"learn":[0.5226011867],"iteration":791,"passed_time":22.18669345,"remaining_time":5.82680838},
{"learn":[0.5225449715],"iteration":792,"passed_time":22.21631101,"remaining_time":5.799213593},
{"learn":[0.5224671047],"iteration":793,"passed_time":22.24482524,"remaining_time":5.771327456},
{"learn":[0.5224099506],"iteration":794,"passed_time":22.27168356,"remaining_time":5.743012742},
{"learn":[0.5223633439],"iteration":795,"passed_time":22.2969919,"remaining_time":5.714304458},
{"learn":[0.5223000864],"iteration":796,"passed_time":22.32188393,"remaining_time":5.685498667},
{"learn":[0.522251544],"iteration":797,"passed_time":22.34872315,"remaining_time":5.657195584},
{"learn":[0.5222085819],"iteration":798,"passed_time":22.37351366,"remaining_time":5.628380784},
{"learn":[0.5221393072],"iteration":799,"passed_time":22.40038015,"remaining_time":5.600095037},
{"learn":[0.5220488916],"iteration":800,"passed_time":22.42469697,"remaining_time":5.571179396},
{"learn":[0.5219586385],"iteration":801,"passed_time":22.45102685,"remaining_time":5.542772214},
{"learn":[0.5218761815],"iteration":802,"passed_time":22.47621686,"remaining_time":5.514090562},
{"learn":[0.5218129784],"iteration":803,"passed_time":22.50220545,"remaining_time":5.485612274},
{"learn":[0.52173323],"iteration":804,"passed_time":22.52768691,"remaining_time":5.457017327},
{"learn":[0.5216560172],"iteration":805,"passed_time":22.5535095,"remaining_time":5.428512212},
{"learn":[0.5215893121],"iteration":806,"passed_time":22.57790982,"remaining_time":5.3996736},
{"learn":[0.5215131603],"iteration":807,"passed_time":22.6031126,"remaining_time":5.371036658},
{"learn":[0.5214111511],"iteration":808,"passed_time":22.62776974,"remaining_time":5.342279382},
{"learn":[0.5213242538],"iteration":809,"passed_time":22.65697656,"remaining_time":5.314599441},
{"learn":[0.5212605872],"iteration":810,"passed_time":22.68591733,"remaining_time":5.286853731},
{"learn":[0.5211839309],"iteration":811,"passed_time":22.71448167,"remaining_time":5.259017924},
{"learn":[0.5210906794],"iteration":812,"passed_time":22.74046045,"remaining_time":5.230585614},
{"learn":[0.5210110148],"iteration":813,"passed_time":22.77089353,"remaining_time":5.203177145},
{"learn":[0.5209469816],"iteration":814,"passed_time":22.80223138,"remaining_time":5.175966633},
{"learn":[0.5208815183],"iteration":815,"passed_time":22.82803447,"remaining_time":5.147497969},
{"learn":[0.5208049274],"iteration":816,"passed_time":22.8547727,"remaining_time":5.119245292},
{"learn":[0.5207221978],"iteration":817,"passed_time":22.88220019,"remaining_time":5.091149676},
{"learn":[0.5206303951],"iteration":818,"passed_time":22.91930444,"remaining_time":5.065194266},
{"learn":[0.5205620507],"iteration":819,"passed_time":22.9519959,"remaining_time":5.038243002},
{"learn":[0.5204714454],"iteration":820,"passed_time":22.98591445,"remaining_time":5.011545294},
{"learn":[0.5203984951],"iteration":821,"passed_time":23.01104383,"remaining_time":4.982926766},
{"learn":[0.5202984317],"iteration":822,"passed_time":23.03700467,"remaining_time":4.954495536},
{"learn":[0.5202468528],"iteration":823,"passed_time":23.06767184,"remaining_time":4.927075539},
{"learn":[0.5201652942],"iteration":824,"passed_time":23.09629752,"remaining_time":4.899214626},
{"learn":[0.5201124493],"iteration":825,"passed_time":23.12274612,"remaining_time":4.87089325},
{"learn":[0.5200373959],"iteration":826,"passed_time":23.15303181,"remaining_time":4.843379085},
{"learn":[0.5199656873],"iteration":827,"passed_time":23.18135896,"remaining_time":4.815451378},
{"learn":[0.5198732388],"iteration":828,"passed_time":23.21793424,"remaining_time":4.789224071},
{"learn":[0.5197718412],"iteration":829,"passed_time":23.2467242,"remaining_time":4.761377245},
{"learn":[0.519703118],"iteration":830,"passed_time":23.2855823,"remaining_time":4.735575702},
{"learn":[0.5196180575],"iteration":831,"passed_time":23.31642021,"remaining_time":4.708123312},
{"learn":[0.5195699606],"iteration":832,"passed_time":23.34019054,"remaining_time":4.679245882},
{"learn":[0.5194559119],"iteration":833,"passed_time":23.36861216,"remaining_time":4.651306496},
{"learn":[0.5194024151],"iteration":834,"passed_time":23.39443338,"remaining_time":4.622852106},
{"learn":[0.5193222569],"iteration":835,"passed_time":23.43345587,"remaining_time":4.596993735},
{"learn":[0.5192561628],"iteration":836,"passed_time":23.45905204,"remaining_time":4.568489227},
{"learn":[0.5192098536],"iteration":837,"passed_time":23.48499662,"remaining_time":4.540059012},
{"learn":[0.5191542131],"iteration":838,"passed_time":23.51078003,"remaining_time":4.511603796},
{"learn":[0.5190769091],"iteration":839,"passed_time":23.53636399,"remaining_time":4.48311695},
{"learn":[0.5190135489],"iteration":840,"passed_time":23.5783101,"remaining_time":4.457730447},
{"learn":[0.5189475304],"iteration":841,"passed_time":23.60223839,"remaining_time":4.428923594},
{"learn":[0.5188768254],"iteration":842,"passed_time":23.62986821,"remaining_time":4.400817685},
{"learn":[0.5188092427],"iteration":843,"passed_time":23.66276614,"remaining_time":4.373686633},
{"learn":[0.5187506298],"iteration":844,"passed_time":23.68685692,"remaining_time":4.344926417},
{"learn":[0.5186681072],"iteration":845,"passed_time":23.71433284,"remaining_time":4.316793448},
{"learn":[0.518585561],"iteration":846,"passed_time":23.74006727,"remaining_time":4.288347453},
{"learn":[0.5185299407],"iteration":847,"passed_time":23.76596873,"remaining_time":4.259937791},
{"learn":[0.5184583897],"iteration":848,"passed_time":23.79243984,"remaining_time":4.231635355},
{"learn":[0.5183980657],"iteration":849,"passed_time":23.81735003,"remaining_time":4.203061771},
{"learn":[0.5183306861],"iteration":850,"passed_time":23.84231447,"remaining_time":4.174506295},
{"learn":[0.5182754814],"iteration":851,"passed_time":23.86684209,"remaining_time":4.145883368},
{"learn":[0.5182290926],"iteration":852,"passed_time":23.89681241,"remaining_time":4.118208001},
{"learn":[0.5181639957],"iteration":853,"passed_time":23.92133819,"remaining_time":4.089596458},
{"learn":[0.5180925214],"iteration":854,"passed_time":23.94788309,"remaining_time":4.061336899},
{"learn":[0.5180129296],"iteration":855,"passed_time":23.97543772,"remaining_time":4.033251206},
{"learn":[0.5179307729],"iteration":856,"passed_time":24.01020929,"remaining_time":4.006370978},
{"learn":[0.517893954],"iteration":857,"passed_time":24.03449217,"remaining_time":3.977736466},
{"learn":[0.5178391581],"iteration":858,"passed_time":24.06088522,"remaining_time":3.949458458},
{"learn":[0.5177945158],"iteration":859,"passed_time":24.08575806,"remaining_time":3.920937359},
{"learn":[0.5177295455],"iteration":860,"passed_time":24.11502541,"remaining_time":3.893134183},
{"learn":[0.5176487766],"iteration":861,"passed_time":24.1420943,"remaining_time":3.864975653},
{"learn":[0.5175576356],"iteration":862,"passed_time":24.17531113,"remaining_time":3.837795625},
{"learn":[0.5174714414],"iteration":863,"passed_time":24.20485114,"remaining_time":3.810022864},
{"learn":[0.5173870827],"iteration":864,"passed_time":24.23420531,"remaining_time":3.782217013},
{"learn":[0.5173207186],"iteration":865,"passed_time":24.26937897,"remaining_time":3.755308063},
{"learn":[0.5172538364],"iteration":866,"passed_time":24.30178686,"remaining_time":3.72795577},
{"learn":[0.5171676245],"iteration":867,"passed_time":24.33194386,"remaining_time":3.700249526},
{"learn":[0.5170992173],"iteration":868,"passed_time":24.36715192,"remaining_time":3.673299081},
{"learn":[0.5170471012],"iteration":869,"passed_time":24.39618982,"remaining_time":3.645407674},
{"learn":[0.5170089008],"iteration":870,"passed_time":24.42681759,"remaining_time":3.617749103},
{"learn":[0.5169266506],"iteration":871,"passed_time":24.45491067,"remaining_time":3.589711659},
{"learn":[0.5168474411],"iteration":872,"passed_time":24.4815602,"remaining_time":3.561464084},
{"learn":[0.5167498869],"iteration":873,"passed_time":24.50915197,"remaining_time":3.533356004},
{"learn":[0.5167127101],"iteration":874,"passed_time":24.53674391,"remaining_time":3.50524913},
{"learn":[0.5166608307],"iteration":875,"passed_time":24.56397827,"remaining_time":3.477092814},
{"learn":[0.5165598199],"iteration":876,"passed_time":24.59483305,"remaining_time":3.449446369},
{"learn":[0.5164806377],"iteration":877,"passed_time":24.62421509,"remaining_time":3.421587974},
{"learn":[0.5164384896],"iteration":878,"passed_time":24.65276784,"remaining_time":3.393611955},
{"learn":[0.5163803],"iteration":879,"passed_time":24.67806292,"remaining_time":3.365190399},
{"learn":[0.516312733],"iteration":880,"passed_time":24.70245907,"remaining_time":3.336654517},
{"learn":[0.5162136252],"iteration":881,"passed_time":24.72853475,"remaining_time":3.308352722},
{"learn":[0.5161371113],"iteration":882,"passed_time":24.7599306,"remaining_time":3.280760906},
{"learn":[0.5160498445],"iteration":883,"passed_time":24.7857661,"remaining_time":3.252430845},
{"learn":[0.5159650245],"iteration":884,"passed_time":24.82570009,"remaining_time":3.22593843},
{"learn":[0.5158709025],"iteration":885,"passed_time":24.8572886,"remaining_time":3.198341874},
{"learn":[0.5157941123],"iteration":886,"passed_time":24.89505038,"remaining_time":3.171522765},
{"learn":[0.5157177727],"iteration":887,"passed_time":24.92222975,"remaining_time":3.143344293},
{"learn":[0.5156420332],"iteration":888,"passed_time":24.96109572,"remaining_time":3.116627249},
{"learn":[0.5155602516],"iteration":889,"passed_time":24.98762809,"remaining_time":3.088358528},
{"learn":[0.5155128357],"iteration":890,"passed_time":25.0266812,"remaining_time":3.061625421},
{"learn":[0.5154317998],"iteration":891,"passed_time":25.05658931,"remaining_time":3.03375745},
{"learn":[0.5153628348],"iteration":892,"passed_time":25.08297448,"remaining_time":3.005462788},
{"learn":[0.5152719433],"iteration":893,"passed_time":25.11102429,"remaining_time":2.97736977},
{"learn":[0.5152125342],"iteration":894,"passed_time":25.14134553,"remaining_time":2.949543331},
{"learn":[0.5151475795],"iteration":895,"passed_time":25.16695773,"remaining_time":2.921164736},
{"learn":[0.515073192],"iteration":896,"passed_time":25.19557394,"remaining_time":2.893137253},
{"learn":[0.514993835],"iteration":897,"passed_time":25.22843411,"remaining_time":2.865590512},
{"learn":[0.5149104394],"iteration":898,"passed_time":25.25888678,"remaining_time":2.837761473},
{"learn":[0.514839411],"iteration":899,"passed_time":25.28764721,"remaining_time":2.809738579},
{"learn":[0.5147543824],"iteration":900,"passed_time":25.31362427,"remaining_time":2.781408216},
{"learn":[0.5146769529],"iteration":901,"passed_time":25.34256404,"remaining_time":2.753404962},
{"learn":[0.514614145],"iteration":902,"passed_time":25.37169709,"remaining_time":2.725420397},
{"learn":[0.5145399962],"iteration":903,"passed_time":25.399396,"remaining_time":2.697280991},
{"learn":[0.5144941788],"iteration":904,"passed_time":25.42744854,"remaining_time":2.669179681},
{"learn":[0.5144330957],"iteration":905,"passed_time":25.45332383,"remaining_time":2.640852583},
{"learn":[0.514357065],"iteration":906,"passed_time":25.49019711,"remaining_time":2.613658579},
{"learn":[0.5142753531],"iteration":907,"passed_time":25.5156632,"remaining_time":2.585287461},
{"learn":[0.514170808],"iteration":908,"passed_time":25.54004467,"remaining_time":2.556814153},
{"learn":[0.5140846832],"iteration":909,"passed_time":25.56514145,"remaining_time":2.528420583},
{"learn":[0.5139939191],"iteration":910,"passed_time":25.59189213,"remaining_time":2.500195829},
{"learn":[0.5139295289],"iteration":911,"passed_time":25.61603212,"remaining_time":2.471722397},
{"learn":[0.5138663182],"iteration":912,"passed_time":25.641743,"remaining_time":2.44340815},
{"learn":[0.5137772688],"iteration":913,"passed_time":25.66817814,"remaining_time":2.415167746},
{"learn":[0.5137078518],"iteration":914,"passed_time":25.70427535,"remaining_time":2.387828858},
{"learn":[0.5136436083],"iteration":915,"passed_time":25.74032118,"remaining_time":2.360466134},
{"learn":[0.5135631028],"iteration":916,"passed_time":25.77274739,"remaining_time":2.332756852},
{"learn":[0.5135088712],"iteration":917,"passed_time":25.79715916,"remaining_time":2.304321406},
{"learn":[0.5134649269],"iteration":918,"passed_time":25.82330813,"remaining_time":2.276047833},
{"learn":[0.5133843303],"iteration":919,"passed_time":25.84877821,"remaining_time":2.247719844},
{"learn":[0.5133144234],"iteration":920,"passed_time":25.87809893,"remaining_time":2.219728355},
{"learn":[0.5132634599],"iteration":921,"passed_time":25.91034524,"remaining_time":2.191981485},
{"learn":[0.5131991997],"iteration":922,"passed_time":25.93915949,"remaining_time":2.163938549},
{"learn":[0.513113408],"iteration":923,"passed_time":25.9718516,"remaining_time":2.136212902},
{"learn":[0.5130457541],"iteration":924,"passed_time":25.99877136,"remaining_time":2.108008489},
{"learn":[0.5129704198],"iteration":925,"passed_time":26.0259616,"remaining_time":2.079828465},
{"learn":[0.5129194534],"iteration":926,"passed_time":26.0525353,"remaining_time":2.051602025},
{"learn":[0.5128560331],"iteration":927,"passed_time":26.078261,"remaining_time":2.023313354},
{"learn":[0.5127515499],"iteration":928,"passed_time":26.10994438,"remaining_time":1.995485523},
{"learn":[0.5126686773],"iteration":929,"passed_time":26.13774667,"remaining_time":1.967357276},
{"learn":[0.5125991843],"iteration":930,"passed_time":26.1647844,"remaining_time":1.939173065},
{"learn":[0.512516512],"iteration":931,"passed_time":26.19048415,"remaining_time":1.910893693},
{"learn":[0.512442052],"iteration":932,"passed_time":26.22198458,"remaining_time":1.883036406},
{"learn":[0.512356116],"iteration":933,"passed_time":26.24964074,"remaining_time":1.854899667},
{"learn":[0.5122940151],"iteration":934,"passed_time":26.27598541,"remaining_time":1.826672782},
{"learn":[0.5122106321],"iteration":935,"passed_time":26.30304725,"remaining_time":1.798498958},
{"learn":[0.5121626456],"iteration":936,"passed_time":26.32870598,"remaining_time":1.770233166},
{"learn":[0.5120752183],"iteration":937,"passed_time":26.35573263,"remaining_time":1.742063351},
{"learn":[0.5119873349],"iteration":938,"passed_time":26.38929522,"remaining_time":1.714320563},
{"learn":[0.5119224532],"iteration":939,"passed_time":26.4148934,"remaining_time":1.686057026},
{"learn":[0.5118451684],"iteration":940,"passed_time":26.43971186,"remaining_time":1.657750265},
{"learn":[0.5117592255],"iteration":941,"passed_time":26.46859725,"remaining_time":1.629701317},
{"learn":[0.5116759285],"iteration":942,"passed_time":26.50273443,"remaining_time":1.601968041},
{"learn":[0.5115823434],"iteration":943,"passed_time":26.53436717,"remaining_time":1.574072628},
{"learn":[0.5115222694],"iteration":944,"passed_time":26.5590133,"remaining_time":1.545762679},
{"learn":[0.5114553416],"iteration":945,"passed_time":26.58440919,"remaining_time":1.517503273},
{"learn":[0.5113790949],"iteration":946,"passed_time":26.61432948,"remaining_time":1.489503128},
{"learn":[0.5113033821],"iteration":947,"passed_time":26.63921772,"remaining_time":1.461222913},
{"learn":[0.5112355848],"iteration":948,"passed_time":26.66673039,"remaining_time":1.433090885},
{"learn":[0.5111812944],"iteration":949,"passed_time":26.69266535,"remaining_time":1.404877123},
{"learn":[0.5111043768],"iteration":950,"passed_time":26.72178751,"remaining_time":1.376832374},
{"learn":[0.5110212221],"iteration":951,"passed_time":26.75071663,"remaining_time":1.348775628},
{"learn":[0.5109455374],"iteration":952,"passed_time":26.77975392,"remaining_time":1.320722387},
{"learn":[0.5109098884],"iteration":953,"passed_time":26.80368798,"remaining_time":1.292421014},
{"learn":[0.5108655071],"iteration":954,"passed_time":26.8312991,"remaining_time":1.264302052},
{"learn":[0.5108031177],"iteration":955,"passed_time":26.85693908,"remaining_time":1.23609343},
{"learn":[0.5107486054],"iteration":956,"passed_time":26.88640946,"remaining_time":1.208062285},
{"learn":[0.5106706748],"iteration":957,"passed_time":26.91318624,"remaining_time":1.179910044},
{"learn":[0.5106280184],"iteration":958,"passed_time":26.93812775,"remaining_time":1.151682208},
{"learn":[0.510550841],"iteration":959,"passed_time":26.9670663,"remaining_time":1.123627762},
{"learn":[0.5104808002],"iteration":960,"passed_time":26.99452105,"remaining_time":1.09551126},
{"learn":[0.5104393112],"iteration":961,"passed_time":27.01920267,"remaining_time":1.067286592},
{"learn":[0.5103680116],"iteration":962,"passed_time":27.0480952,"remaining_time":1.039231072},
{"learn":[0.5103119761],"iteration":963,"passed_time":27.08423184,"remaining_time":1.011444343},
{"learn":[0.5102582521],"iteration":964,"passed_time":27.10826002,"remaining_time":0.9832011405},
{"learn":[0.5101809614],"iteration":965,"passed_time":27.13416871,"remaining_time":0.9550328532},
{"learn":[0.5100955051],"iteration":966,"passed_time":27.16349813,"remaining_time":0.9269859755},
{"learn":[0.5100490645],"iteration":967,"passed_time":27.19860237,"remaining_time":0.8991273512},
{"learn":[0.5099563917],"iteration":968,"passed_time":27.23039844,"remaining_time":0.8711479376},
{"learn":[0.5098958516],"iteration":969,"passed_time":27.25680059,"remaining_time":0.8429938326},
{"learn":[0.5098180698],"iteration":970,"passed_time":27.28423219,"remaining_time":0.8148740818},
{"learn":[0.5097550385],"iteration":971,"passed_time":27.31025333,"remaining_time":0.7867151164},
{"learn":[0.5096957144],"iteration":972,"passed_time":27.34224212,"remaining_time":0.7587261431},
{"learn":[0.5096237538],"iteration":973,"passed_time":27.36954558,"remaining_time":0.7306038861},
{"learn":[0.5095476408],"iteration":974,"passed_time":27.40286936,"remaining_time":0.7026376758},
{"learn":[0.509504266],"iteration":975,"passed_time":27.42783358,"remaining_time":0.6744549241},
{"learn":[0.5094366423],"iteration":976,"passed_time":27.45470864,"remaining_time":0.6463237448},
{"learn":[0.5093756367],"iteration":977,"passed_time":27.48373847,"remaining_time":0.6182436056},
{"learn":[0.5093205598],"iteration":978,"passed_time":27.51304659,"remaining_time":0.5901674957},
{"learn":[0.5092377246],"iteration":979,"passed_time":27.54127571,"remaining_time":0.5620668513},
{"learn":[0.5091383402],"iteration":980,"passed_time":27.56965917,"remaining_time":0.5339689339},
{"learn":[0.5090685927],"iteration":981,"passed_time":27.60147596,"remaining_time":0.5059333679},
{"learn":[0.5090105899],"iteration":982,"passed_time":27.62879858,"remaining_time":0.4778123864},
{"learn":[0.5089560561],"iteration":983,"passed_time":27.65303658,"remaining_time":0.4496428712},
{"learn":[0.5089038878],"iteration":984,"passed_time":27.67923119,"remaining_time":0.4215111349},
{"learn":[0.5088210524],"iteration":985,"passed_time":27.70427194,"remaining_time":0.3933669444},
{"learn":[0.5087762332],"iteration":986,"passed_time":27.73074021,"remaining_time":0.3652478448},
{"learn":[0.5086951857],"iteration":987,"passed_time":27.76428008,"remaining_time":0.3372179767},
{"learn":[0.508629653],"iteration":988,"passed_time":27.7901097,"remaining_time":0.30909121},
{"learn":[0.5085812826],"iteration":989,"passed_time":27.81563949,"remaining_time":0.2809660555},
{"learn":[0.5085171842],"iteration":990,"passed_time":27.84110636,"remaining_time":0.2528455674},
{"learn":[0.5084564219],"iteration":991,"passed_time":27.86700566,"remaining_time":0.2247339166},
{"learn":[0.5084008832],"iteration":992,"passed_time":27.89311063,"remaining_time":0.1966281716},
{"learn":[0.5083404954],"iteration":993,"passed_time":27.91848159,"remaining_time":0.1685220217},
{"learn":[0.5082633952],"iteration":994,"passed_time":27.94865947,"remaining_time":0.140445525},
{"learn":[0.5082098786],"iteration":995,"passed_time":27.97642453,"remaining_time":0.1123551186},
{"learn":[0.5081542348],"iteration":996,"passed_time":28.00037992,"remaining_time":0.08425390146},
{"learn":[0.5080774828],"iteration":997,"passed_time":28.025579,"remaining_time":0.05616348497},
{"learn":[0.5079883532],"iteration":998,"passed_time":28.05032326,"remaining_time":0.02807840166},
{"learn":[0.5079439658],"iteration":999,"passed_time":28.07624254,"remaining_time":0}
]}